R_0,R_1,R_2,R_3,R_4,R_5,R_6,R_7,R_8,R_9,R_10,I_0,I_1,I_2,I_3,I_4,I_5,I_6,I_7,I_8,I_9,I_10,IR_0,IR_1,IR_2,IR_3,IR_4,IR_5,IR_6,IR_7,IR_8,IR_9,IR_10
0.9009987734361309,0.6721120186697788,1.439566395663957,1.5041782729805009,2.7854694996573,3.3207054212932716,1.1019490254872564,0.3078947368421053,0.6602800294767871,-0.008526187576126821,0.4827792752321053,0.6804979253112035,0.680306905370844,1.0,0.9767441860465115,2.2237762237762237,3.4086956521739142,1.0636942675159236,0.07427055702917779,-0.15510204081632642,-0.4046692607003891,-0.6651376146788991,0.8294478527607361,0.6638297872340427,0.6270270270270268,1.59375,2.518518518518519,3.2149532710280373,1.3419913419913418,0.29971181556195964,0.03508771929824564,-0.35543766578249336,-0.5193508114856428
-0.7432977045733311,-0.44807467911318627,-0.6460704607046067,0.11977715877437244,-0.08498971898560635,-0.013063357282821696,0.09645177411294362,0.3036842105263158,0.6956521739130436,0.5176613885505481,0.549865229110512,-0.09958506224066399,-0.578005115089514,-0.9047619047619047,-0.8837209302325578,-0.825174825174825,-0.3478260869565219,-0.044585987261146535,0.12732095490716183,0.4489795918367346,1.7898832684824908,0.6376146788990825,-0.19631901840490784,-0.5276595744680851,-0.21621621621621603,-0.6562500000000001,-1.0000000000000002,0.07476635514018698,-0.1645021645021645,0.09221902017291067,0.31578947368421056,0.20689655172413782,0.16978776529338338
-2.1471876642719465,-2.428626993387789,-1.9382113821138207,-2.3955431754874663,-1.7107607950651127,-0.4937949052906595,-0.22738630684657665,-0.3563157894736842,-0.30655858511422257,-0.5274056029232645,1.01707097933513,0.190871369294606,-0.15856777493606122,-0.4603174603174603,-0.8279069767441861,-0.5734265734265734,-0.5565217391304347,-0.2738853503184714,0.06366047745358096,1.069387755102041,1.463035019455253,1.2889908256880733,-0.5791411042944784,0.3234042553191488,0.23783783783783768,0.15625000000000014,-0.07407407407407415,0.07476635514018698,-0.025974025974025997,0.3573487031700288,1.4947368421052631,0.9602122015915119,0.9138576779026218
-1.553530751708428,-2.2963827304550777,-1.3745257452574526,-0.47910863509749346,0.3947909527073341,0.049640757674722445,0.886056971514243,0.06789473684210527,-0.2151805453205603,0.21071863580998795,0.17130877508235995,-1.062240663900415,-0.7826086956521737,-0.49206349206349204,-0.45581395348837195,-0.6293706293706295,-0.38260869565217415,1.585987261146497,0.9018567639257296,1.4285714285714286,1.8521400778210122,0.5825688073394495,0.25521472392638056,0.40851063829787226,-0.043243243243243266,0.15625000000000014,0.29629629629629634,0.6355140186915889,1.5324675324675325,0.8414985590778098,3.0807017543859647,3.2413793103448274,1.9176029962546812
-0.5351322936744349,-0.9957215091404132,-0.8303523035230349,-0.5459610027855158,-0.5647703906785468,0.03919007184846509,0.773113443278361,0.05631578947368421,0.7722918201915993,0.9196102314250916,-0.09583707696915222,-0.20746887966804953,-0.33248081841432225,-0.634920634920635,-0.5674418604651162,-0.43356643356643354,0.06956521739130443,1.038216560509554,0.4880636604774536,0.416326530612245,0.3424124513618679,0.6284403669724771,0.5006134969325154,0.0340425531914894,0.6270270270270268,0.40624999999999994,0.18518518518518537,0.07476635514018698,0.9264069264069265,0.46109510086455346,0.9614035087719298,0.5676392572944297,1.368289637952559
0.16085509024005593,-0.3905095293660056,-0.11490514905148991,0.24512534818941464,-0.0027416038382450715,-0.0391900718484648,-0.0004997501249374762,0.04263157894736846,0.10906411201179084,-0.05968331303288666,-0.30188679245283007,0.5228215767634855,0.0255754475703325,0.111111111111111,0.1953488372093022,-0.04195804195804199,-0.591304347826087,-0.10828025477707007,-0.07427055702917772,0.0734693877551021,0.06225680933852147,-0.3532110091743119,-0.7411042944785273,0.17021276595744697,-0.021621621621621633,0.09375000000000008,-0.03703703703703708,-0.3738317757009347,-0.09523809523809526,-0.011527377521613844,0.20350877192982453,-0.14323607427055715,-0.6491885143570535
-0.05852461888908382,-1.1419681057954112,-1.22710027100271,-2.155988857938719,-2.418094585332419,-1.9307642064010446,-0.42128935532233874,-1.1110526315789473,-3.613854089904201,-1.4019488428745437,-0.6576819407008083,-0.854771784232365,-1.3145780051150893,-1.9523809523809523,-1.9255813953488372,-2.5874125874125875,-3.65217391304348,-1.178343949044586,-1.5278514588859418,-2.473469387755102,0.5914396887159533,0.6284403669724771,-0.6134969325153373,-1.548936170212766,-1.513513513513513,-2.8437500000000004,-2.037037037037037,-1.8691588785046729,-1.0129870129870129,-1.1412103746397695,-1.8456140350877193,0.419098143236074,2.117353308364544
0.7047485544068686,0.384286269933878,0.15392953929539335,0.4178272980501384,0.6168608636052095,0.34225996080992815,-0.04447776111944016,-0.2563157894736842,-0.07074428887251297,0.037758830694275186,-0.4767894579215331,-0.016597510373443997,0.5677749360613812,0.6825396825396824,0.49302325581395334,0.4895104895104893,0.20869565217391306,-0.08280254777070062,-0.36074270557029176,-0.2530612244897959,-0.5447470817120624,-0.3348623853211009,0.04907975460122703,0.3063829787234041,0.28108108108108093,0.15625000000000014,-0.3333333333333334,0.0,-0.1471861471861472,-0.4034582132564841,-0.4701754385964912,-0.5994694960212202,-0.6791510611735329
-0.26178377431224836,-1.4266822248152484,-1.1013550135501358,-1.300835654596101,-1.1130911583276213,-0.7289353363814497,-0.21039480259870058,-0.08157894736842101,-0.29771554900515845,-0.2813641900121805,-0.31266846361185957,-0.2572614107883815,-0.34271099744245526,-0.4603174603174603,-0.5860465116279069,-0.853146853146853,-1.2173913043478264,-0.22292993630573252,0.2652519893899205,0.7755102040816326,0.5136186770428015,0.06880733944954134,-0.004907975460122703,0.25531914893617047,0.12972972972972982,-0.43749999999999994,-0.7777777777777778,-0.33644859813084116,0.008658008658008665,0.46109510086455346,0.512280701754386,1.702917771883289,1.32334581772784
-1.0650078850534428,-0.9334889148191374,-1.1013550135501358,-1.5487465181058504,-1.5380397532556542,-1.2122795558458521,-0.711144427786107,-1.1773684210526316,-3.15991156963891,-1.0000000000000002,1.0050913447139858,-1.726141078838174,-1.7237851662404093,-2.6666666666666665,-2.8186046511627905,-4.06993006993007,-3.200000000000001,-0.5668789808917198,-1.1140583554376657,-1.6734693877551017,-0.7626459143968873,-0.1330275229357799,-1.5411042944785274,-1.8723404255319152,-2.681081081081081,-2.46875,-3.1851851851851856,-0.8598130841121495,-0.6147186147186148,-1.0144092219020173,-1.4807017543859646,-0.8010610079575597,-0.7091136079900123
0.47906080252321703,-0.08090237261765863,-0.4249322493224927,-1.2284122562674102,-0.8361891706648387,-1.0555192684519918,-0.10444777611194396,-0.878421052631579,-0.3124539425202653,-0.41534713763702813,0.07067984426474982,0.0,-0.035805626598465506,-0.4126984126984126,-0.641860465116279,-1.160839160839161,-1.739130434782609,-0.464968152866242,-0.9442970822281167,0.8081632653061224,0.3579766536964982,0.004587155963302756,0.07852760736196325,-0.8510638297872339,-0.21621621621621603,-0.31249999999999983,-0.5185185185185188,-0.897196261682243,-0.5454545454545454,-0.7377521613832854,0.568421052631579,0.1220159151193632,0.4344569288389513
-0.418783949535658,-1.182419292104241,-2.34579945799458,-2.0974930362116995,-1.7546264564770386,-1.188765512736773,-0.32333833083458263,-0.9552631578947368,-0.2210759027266027,-0.31546894031668693,-0.22042527702905046,-1.858921161825726,-1.4987212276214832,-1.8253968253968254,-2.037209302325581,-2.6993006993006996,-2.017391304347827,-0.5796178343949046,-1.0079575596816976,1.2326530612244897,0.918287937743191,0.8853211009174309,-0.3141104294478527,-0.8851063829787233,-1.3837837837837832,-1.4375,-0.5185185185185188,-0.7850467289719626,-0.4415584415584415,-0.8760806916426513,1.2280701754385963,0.2705570291777188,1.038701622971286
-1.2906956369370945,-0.9148191365227546,0.27750677506775095,-0.01949860724234016,0.644276901987663,0.21423905943827581,0.9440279860069967,0.2552631578947369,0.6661753868828298,0.7247259439707678,0.17250673854447449,0.4149377593360997,-0.0460358056265985,-0.06349206349206354,-0.08372093023255821,-0.4055944055944055,0.7652173913043481,1.21656050955414,0.6684350132625995,0.8081632653061224,1.0272373540856032,0.5917431192660549,0.4368098159509203,-0.0170212765957447,-0.12972972972972982,-0.2500000000000002,-0.07407407407407415,0.897196261682243,1.1168831168831168,0.5878962536023056,1.1719298245614032,0.6100795755968169,0.3295880149812734
0.5049938671806552,-0.04200700116686139,0.39674796747967545,-0.07799442896936003,0.17820424948594973,0.154147615937296,0.15842078960519748,0.11105263157894742,0.23581429624170958,-0.013398294762484655,0.6732554657082954,-0.12448132780082999,0.25063938618925824,0.06349206349206332,0.21395348837209294,0.20979020979020957,0.3478260869565219,0.08280254777070062,-0.09549071618037129,-0.36734693877551017,-0.21789883268482493,-0.188073394495413,-0.4220858895705519,-0.23829787234042576,-0.28108108108108093,0.03125000000000003,0.03703703703703708,0.33644859813084116,0.07792207792207793,-0.23054755043227665,-0.5122807017543859,-0.2387267904509286,-0.19475655430711597
0.15875240932188517,0.27226760015558144,-0.14742547425474223,-0.7910863509749311,-0.9047292666209729,-1.0398432397126058,-0.2723638180909545,-0.09842105263157892,0.15033161385409005,0.2764920828258221,0.005989817310572163,0.29045643153526973,0.31202046035805625,0.12698412698412687,0.0651162790697675,0.04195804195804199,-0.24347826086956528,0.019108280254777,-0.16976127320954904,-0.36734693877551017,-0.4980544747081713,-0.426605504587156,0.0,0.5106382978723404,0.2594594594594593,0.40624999999999994,0.1481481481481483,-0.03738317757009349,0.04329004329004327,-0.26512968299711814,-0.6245614035087719,-0.6843501326259949,-0.3196004993757802
-0.4412125459961451,-0.524309607156749,-0.5745257452574525,0.12813370473537555,0.2851267991775191,-0.0992815153494446,-0.06546726636681649,-0.7689473684210526,-1.5151068533529848,-0.9488428745432401,-1.1883797544174899,-0.18257261410788353,-0.731457800511509,-1.142857142857143,-0.9209302325581392,0.32167832167832155,0.3478260869565219,-0.006369426751592362,-0.7214854111405836,-1.004081632653061,-0.9027237354085605,-0.10550458715596338,0.7705521472392638,-0.0340425531914894,-0.7567567567567564,-1.8750000000000002,-1.7037037037037037,-1.9813084112149533,-0.25108225108225113,-0.8414985590778098,-0.9192982456140351,-0.37665782493368705,-0.4744069912609236
0.23444892237602927,0.062232594321275876,-0.20379403794037912,-0.7576601671309199,-0.5757368060315283,-0.692357935989549,-0.3073463268365816,-0.9763157894736842,-0.4893146647015477,-0.14250913520097447,-0.37735849056603754,0.215767634854772,0.13810741687979552,0.03174603174603177,-0.23255813953488363,-0.04195804195804199,0.10434782608695664,-0.044585987261146535,-0.7002652519893899,-0.2693877551020407,-0.18677042801556418,-0.3165137614678899,0.6134969325153374,0.0,0.0,-0.15625000000000014,-0.03703703703703708,0.1495327102803737,-0.07792207792207793,-0.6570605187319885,-0.5964912280701754,0.3448275862068966,-0.07490636704119828
-0.2099176449973717,0.20225593154414623,0.6070460704607052,0.1699164345403892,-0.1343385880740231,-0.2194644023514042,-0.05447276361819079,-0.5563157894736842,-0.5747973470891674,0.03532277710109613,1.5837076969152435,-0.3236514522821575,0.618925831202046,0.7936507936507937,0.883720930232558,1.0769230769230769,1.1478260869565222,0.23566878980891717,-0.4668435013262599,-0.6775510204081632,-0.8871595330739301,-0.5366972477064219,-0.02453987730061324,0.5276595744680851,1.0162162162162158,0.9375,0.8888888888888891,0.5981308411214954,0.1471861471861472,-0.5302593659942363,-0.9052631578947368,-0.6525198938992044,0.2147315855181025
0.012265638689328631,-0.3251653053286663,-0.53550135501355,-0.37325905292479145,-0.5729952021932826,-0.3709993468321356,-0.050474762618690536,-0.13736842105263158,-0.06190125276344885,-0.10109622411693056,0.2719377058999701,0.5311203319502075,0.5780051150895141,0.5714285714285713,0.4372093023255815,0.4055944055944055,0.10434782608695664,-0.05732484076433126,-0.05305039787798406,-0.2693877551020407,-0.5136186770428017,-0.5917431192660549,0.47607361963190187,0.35744680851063815,0.7135135135135133,0.43749999999999994,0.5555555555555556,0.2242990654205607,-0.008658008658008665,-0.1844380403458213,-0.2596491228070176,-0.5676392572944298,-0.6441947565543069
-0.32346241457858765,-0.8619214313496705,-0.7566395663956635,-0.3203342618384407,-0.7100753941055514,-0.9065969954278248,0.01849075462268873,0.19631578947368422,0.29771554900515845,-0.2180267965895251,-0.26714585205151214,-0.921161825726141,-0.27109974424552424,-0.285714285714286,-0.47441860465116265,-0.881118881118881,-1.6347826086956525,-0.49044585987261147,0.35013262599469497,0.9387755102040817,0.8093385214007784,-0.004587155963302756,0.08834355828220865,-0.49361702127659574,-0.9081081081081077,-0.5937500000000001,-0.48148148148148173,-0.03738317757009349,-0.1818181818181818,0.6455331412103748,0.7929824561403507,0.13262599469496003,-0.3046192259675405
0.7117574908007708,0.6549980552314277,0.5116531165311659,0.18105849582172626,0.24400274160383875,-0.15676028739386005,-0.13643178410794599,-0.02578947368421049,-0.09727339719970533,-0.3373934226552984,0.2875112309074572,0.7634854771784235,0.5780051150895141,0.4603174603174603,0.34418604651162793,0.18181818181818157,0.13913043478260886,0.21019108280254772,-0.12732095490716178,-0.4326530612244897,-0.529182879377432,-0.6743119266055045,0.029447852760736217,0.20425531914893635,0.0,0.18750000000000017,0.18518518518518537,0.0,0.04329004329004327,-0.2881844380403458,-0.44210526315789467,-0.5782493368700266,-0.19975031210986252
-0.031189766952865045,-0.39362115908206974,-0.5333333333333329,-0.7270194986072427,-0.6196024674434537,-0.4519921619856301,0.15842078960519748,0.3278947368421053,0.7192336035372145,0.9049939098660172,0.861335729260257,-0.18257261410788353,-0.639386189258312,-0.39682539682539675,-0.3255813953488372,-0.3496503496503495,-0.2782608695652175,-0.03184713375796181,0.20159151193633956,0.3020408163265306,0.3424124513618679,1.0596330275229355,-0.9325153374233127,-1.0553191489361702,0.21621621621621603,-0.03125000000000003,-0.22222222222222218,-0.11214953271028047,0.060606060606060594,0.23054755043227673,-0.0491228070175439,-0.3236074270557029,0.5293383270911362
0.6900297879796737,0.14624659665499795,-0.6200542005420051,-0.8161559888579392,0.22206991089787576,0.6505551926845199,0.8960519740129936,0.20789473684210527,0.8754605747973474,0.1352009744214373,-0.46480982330038906,0.9709543568464732,0.11764705882352951,-0.015873015873015886,0.17674418604651151,0.9650349650349648,0.8000000000000003,1.1656050955414012,0.37135278514588865,0.9714285714285715,0.389105058365759,-0.1146788990825689,0.5742331288343558,0.05106382978723409,0.735135135135135,0.8749999999999999,1.2962962962962965,0.6728971962616822,1.3593073593073592,0.484149855907781,0.624561403508772,1.7241379310344829,0.044943820224719135
0.44752058875065676,0.05756514974718001,0.06720867208672118,-0.4456824512534823,-0.10966415352981443,-0.5277596342259959,-0.45927036481759115,-1.3457894736842106,-3.7612380250552695,-1.4214372716199761,-1.328541479484875,-0.4066390041493775,-0.9974424552429667,-1.1269841269841272,-1.6279069767441858,-2.6433566433566433,-3.513043478260871,-1.4203821656050954,-1.3050397877984086,-1.8040816326530609,-0.9494163424124515,0.0412844036697248,-0.5055214723926378,-2.161702127659574,-1.7729729729729726,-2.8437500000000004,-3.037037037037038,-2.018691588785047,-1.1515151515151514,-1.4178674351585014,-1.7754385964912278,-0.6206896551724139,1.3083645443196004
0.40616786402663385,-0.14780241151303036,-0.26449864498644965,-0.3454038997214488,-0.5976696367374907,-0.9170476812540822,-0.28235882058970513,0.055263157894736896,-0.01473839351510687,0.741778319123021,0.13297394429469894,-0.107883817427386,-0.12787723785166222,-0.49206349206349204,-0.5860465116279069,-1.104895104895105,-1.1826086956521742,-0.5414012738853503,0.19098143236074272,0.9387755102040817,1.0894941634241246,-0.004587155963302756,0.34846625766871164,0.10212765957446818,-0.15135135135135144,-0.6562500000000001,-0.9629629629629631,-0.97196261682243,-0.3203463203463203,-0.03458213256484145,0.1473684210526315,1.416445623342175,0.17478152309612996
0.6402663395829682,0.8868144690781802,0.893224932249323,0.41504178272980446,0.23303632625085724,0.20378837361201846,0.07446276861569222,0.12368421052631584,0.7398673544583642,0.40316686967113285,-0.2683438155136267,0.8713692946058093,0.5370843989769821,0.4603174603174603,0.3069767441860465,0.26573426573426556,0.4521739130434786,0.019108280254777,-0.06366047745358089,-0.2857142857142856,-0.5447470817120624,-0.6376146788990825,0.7656441717791411,0.23829787234042576,0.2594594594594593,-0.06250000000000006,0.0,-0.2242990654205607,-0.07792207792207793,-0.03458213256484145,-0.45614035087719296,-0.6737400530503981,-0.9637952559300871
-0.05502015069213247,-0.05134189031505242,-0.6395663956639561,-0.5153203342618392,-0.5263879369431116,-0.29523187459177,-0.23738130934532728,-1.033157894736842,-0.008843036109064121,-0.32034104750304504,-0.6780473195567533,-0.049792531120331995,0.29156010230179025,0.7619047619047619,0.5302325581395347,0.3496503496503495,-0.034782608695652216,-0.09554140127388534,-0.6896551724137931,-0.7428571428571428,-0.5136186770428017,-0.8486238532110092,-0.1423312883435581,0.5106382978723404,0.518918918918919,0.18750000000000017,0.40740740740740755,0.2616822429906542,-0.04329004329004327,-0.6570605187319885,-0.9192982456140351,-0.6631299734748012,-0.9138576779026214
-1.2927983178552653,-0.9117075068066905,-0.891056910569105,-0.7075208913649031,-0.5729952021932826,-0.5564990202482034,-0.1144427786106946,-0.11947368421052632,0.011790714812085495,-0.037758830694275186,1.3716681641209938,-0.697095435684647,-0.8439897698209717,-1.26984126984127,-1.3116279069767443,-1.4685314685314685,-1.8086956521739135,-0.6560509554140127,0.06366047745358096,1.0367346938775512,1.151750972762646,0.8211009174311923,-3.4993865030674844,-1.991489361702128,-0.6702702702702698,-0.46875,-0.6666666666666666,-0.822429906542056,-0.38961038961038963,-0.33429394812680113,1.2982456140350875,0.7055702917771883,2.057428214731585
-0.29402488172419844,-0.6767794632438746,-0.7588075880758806,-0.6852367688022291,-0.5099383139136393,-0.18027433050293912,0.1694152923538232,0.2626315789473685,0.45394252026529125,0.8270401948842875,1.1344713986223416,-0.06639004149377599,-0.21994884910485923,-0.07936507936507943,-0.0651162790697675,-0.20979020979020996,-0.5565217391304347,-0.19745222929936304,0.3183023872679045,0.5306122448979591,0.7626459143968873,0.4541284403669723,-3.396319018404907,-0.3063829787234041,0.2594594594594593,0.5,0.25925925925925924,-0.03738317757009349,-0.11255411255411253,0.02305475504322769,0.44210526315789467,-0.005305039787798413,-0.17977528089887626
-0.9437532854389343,-0.6425515363671732,-0.7284552845528454,-1.2618384401114215,-0.8197395476353665,-0.9405617243631609,-0.23638180909545223,-1.0436842105263158,-0.5689019896831247,-0.23020706455542037,0.2084456424079064,0.016597510373443997,0.37340153452685426,0.2222222222222222,-0.0651162790697675,-0.18181818181818196,-0.13913043478260861,-0.22292993630573252,-0.8275862068965517,-0.12244897959183661,-0.1400778210116733,-0.4816513761467891,-0.6478527607361959,0.40851063829787226,0.3891891891891891,-0.1250000000000001,0.29629629629629634,0.11214953271028047,-0.1471861471861472,-0.6801152737752162,-0.44210526315789467,-0.12201591511936351,0.12484394506866425
0.34028386192395305,0.6876701672500977,0.9257452574525752,0.6852367688022278,0.238519533927348,0.08099281515349452,-0.09045477261369307,0.23315789473684215,0.35372144436256453,-0.2228989037758832,-0.2719377058999698,0.7302904564315355,0.5780051150895141,0.5555555555555556,0.49302325581395334,0.26573426573426556,0.06956521739130443,-0.05732484076433126,0.0,-0.31836734693877544,-0.4980544747081713,-0.7110091743119266,0.5349693251533741,0.5106382978723404,-0.12972972972972982,0.0,-0.3333333333333334,0.07476635514018698,-0.025974025974025997,-0.10374639769452451,-0.3719298245614034,-0.6843501326259949,-0.7940074906367038
-1.7154371824075694,-2.024115130299496,-0.4292682926829263,0.008356545961002484,0.24674434544208412,-0.03396472893533612,-0.047476261869065346,-0.5836842105263158,-0.5689019896831247,-0.5736906211936665,-0.005989817310571898,-0.19917012448132754,0.20971867007672623,0.4285714285714285,0.4000000000000001,0.5734265734265733,0.5913043478260872,0.10828025477707003,-0.5835543766578248,-0.7102040816326529,-0.6070038910505838,0.7477064220183487,0.8490797546012269,1.1914893617021278,0.7783783783783782,0.8437499999999999,0.48148148148148173,0.07476635514018698,-0.12987012987012986,-0.6685878962536023,-0.6666666666666666,-0.3978779840848807,-0.16479400749063655
-0.5961100403013844,-0.6985608712563215,-0.5615176151761516,0.02506963788300745,0.408498971898561,-0.08099281515349423,-0.0034982508745626663,0.033157894736842136,-0.15622697126013282,-0.259439707673569,-0.4983528002395924,1.078838174273859,0.38363171355498726,0.3174603174603173,0.04651162790697678,0.013986013986013996,0.0,-0.07006369426751599,-0.04244031830238723,0.08979591836734702,-0.12451361867704294,-0.02293577981651378,0.8,0.7319148936170212,0.12972972972972982,-0.15625000000000014,-0.07407407407407415,0.0,0.008658008658008665,0.04610951008645538,-0.10526315789473692,0.01591511936339524,-0.19475655430711597
-0.58209216751358,-1.4982497082847155,-1.5241192411924118,-2.1309192200557106,-0.21110349554489363,-0.3396472893533638,0.6381809095452274,0.08263157894736844,-0.2652910832719233,0.28380024360535955,-0.6217430368373761,0.049792531120331995,-0.731457800511509,-0.4126984126984126,-0.17674418604651151,-0.5454545454545455,0.41739130434782634,1.1019108280254777,1.039787798408488,1.6081632653061222,1.7276264591439692,1.3899082568807335,0.40245398773006136,0.35744680851063815,0.12972972972972982,0.09375000000000008,0.40740740740740755,0.7850467289719627,1.1341991341991342,2.3285302593659947,2.6315789473684212,1.9257294429708218,2.062421972534332
0.8189942176274748,0.6129910540645667,0.7284552845528462,0.8523676880222837,0.9952021932830708,1.4082299150881776,0.9560219890054974,0.2626315789473685,0.9344141488577745,0.4738124238733251,-0.384546271338724,1.278008298755187,0.8132992327365729,0.9206349206349206,0.9209302325581394,0.9930069930069928,1.2521739130434788,1.0764331210191083,0.21220159151193638,0.08979591836734702,-0.264591439688716,-0.1238532110091744,-0.15214723926380352,0.5787234042553192,1.081081081081081,1.125,1.1481481481481484,0.97196261682243,1.0476190476190474,0.33429394812680113,0.32982456140350885,0.026525198938992064,-0.31460674157303364
0.30594007359383185,0.46363282769350456,0.38157181571815757,0.07242339832869026,-0.1672378341329676,-0.4781188765512735,-0.392303848075962,-1.1142105263157895,-1.1407516580692707,-0.0523751522533495,-0.4001197963462111,0.8298755186721992,0.5166240409207161,0.3174603174603173,0.17674418604651151,-0.04195804195804199,-0.38260869565217415,-0.22292993630573252,-0.8700265251989389,-0.7102040816326529,-0.4513618677042802,-0.5550458715596329,0.7656441717791411,0.5957446808510639,0.10810810810810817,-0.15625000000000014,-0.40740740740740755,-0.5607476635514018,-0.4242424242424242,-0.8414985590778098,-0.9894736842105263,-0.7161803713527852,-0.9637952559300871
-0.9416506045207642,-1.9556592765460927,-1.7105691056910566,-1.5487465181058504,-0.07676490747086992,0.018288700195950375,-0.0814592703648175,-0.06263157894736843,-0.5276344878408255,0.6297198538367845,-0.3366277328541477,-0.3817427385892115,-0.005115089514066501,0.17460317460317454,0.25116279069767433,0.23776223776223757,0.10434782608695664,-0.044585987261146535,0.38196286472148544,0.43265306122448993,0.3579766536964982,-0.2431192660550458,-0.6282208588957054,0.1361702127659576,0.3027027027027026,0.09375000000000008,0.3703703703703705,0.485981308411215,0.09523809523809523,0.19596541786743518,0.32982456140350885,0.7374005305039786,0.14481897627965054
-0.5134045908533382,-1.8203033838973175,-1.289972899728997,-0.3454038997214488,-0.1672378341329676,-0.14369693011103837,0.7981009495252375,0.1047368421052632,0.5895357406042742,0.24725943970767347,0.5103324348607368,-0.854771784232365,-0.17902813299232723,-0.3333333333333332,-0.3813953488372093,-0.5454545454545455,0.20869565217391306,1.0127388535031845,0.29708222811671087,0.4979591836734693,0.4980544747081711,0.2247706422018348,-0.11288343558282189,0.20425531914893635,0.6486486486486485,0.5937499999999999,0.3333333333333334,0.03738317757009349,1.0649350649350648,0.40345821325648423,0.6526315789473686,0.1538461538461537,0.2347066167290888
0.32416330821797784,0.36250486192143144,-0.2818428184281841,-0.08077994428969398,-0.07128169979437916,0.013063357282821696,-0.10644677661169409,-1.0047368421052632,0.18275607958732484,-0.16930572472594405,0.6912249176400117,0.9792531120331952,0.20971867007672623,-0.1111111111111112,-0.21395348837209294,-0.15384615384615397,-0.6608695652173914,-0.35031847133757965,-0.9124668435013262,-0.12244897959183661,-0.18677042801556418,0.21559633027522926,0.6085889570552148,0.34042553191489344,-0.08648648648648653,-0.53125,-0.9259259259259262,-0.7850467289719626,-0.4588744588744588,-0.8645533141210375,-0.2596491228070176,-0.6206896551724139,0.15480649188514367
0.214823900473103,-0.2567094515752628,-0.8455284552845528,0.33147632311977654,0.8526387936943116,0.5460483344219466,0.0354822588705648,-0.06789473684210527,-0.10906411201179084,-0.20097442143727173,-0.15573525007487252,0.5062240663900417,0.9156010230179027,0.8253968253968252,0.7906976744186046,0.9370629370629369,0.9391304347826089,0.197452229299363,-0.25464190981432355,-0.8244897959183672,-1.1984435797665371,-1.1972477064220182,0.004907975460122703,0.6127659574468086,0.5837837837837835,0.5625,0.740740740740741,0.6728971962616822,0.18181818181818182,-0.345821325648415,-0.7649122807017543,-1.2254641909814326,-1.3033707865168538
0.882775538811985,1.0035005834305726,0.7523035230352308,0.46239554317548665,0.6634681288553806,0.5146962769431745,0.27136431784107956,0.07526315789473685,-0.011790714812085495,1.6796589524969554,1.2315064390536083,0.33195020746887977,-0.29156010230179025,-0.30158730158730185,-0.4186046511627908,0.4895104895104893,0.41739130434782634,0.044585987261146445,-0.021220159151193577,-0.15510204081632642,0.24902723735408566,-0.0412844036697248,-2.336196319018404,-0.7829787234042556,-0.3027027027027026,-1.09375,-1.4074074074074077,0.0,0.008658008658008665,0.02305475504322769,-0.2175438596491228,0.3448275862068966,-0.07990012484394485
-2.330120904152795,-0.06067677946324415,0.3273712737127377,0.9888579387186623,0.811514736120631,2.2573481384715874,1.0329835082458771,0.35210526315789475,2.154753131908622,1.4482338611449457,0.4492362982929019,-1.128630705394191,-0.18925831202046023,-0.4126984126984126,-0.34418604651162793,-0.06993006993006999,1.9478260869565225,1.4203821656050954,0.636604774535809,0.8408163265306122,0.8715953307393,0.7293577981651377,-1.2760736196319014,0.18723404255319168,0.17297297297297307,-0.3437499999999999,-0.03703703703703708,1.6074766355140186,1.2554112554112553,0.5417867435158502,1.4526315789473683,1.0026525198938991,-0.2247191011235954
-0.6739092342736989,-0.16802800466744486,-0.43143631436314334,-0.4261838440111428,-0.6525017135023983,-0.6270411495754408,-0.38830584707646176,-1.0057894736842106,-0.2151805453205603,-0.4981729598051159,-0.33303384246780465,-0.08298755186722,0.33248081841432225,0.28571428571428575,0.3069767441860465,0.32167832167832155,0.06956521739130443,0.0700636942675159,-0.6790450928381963,-0.38367346938775504,-0.4513618677042802,-0.2706422018348623,-0.21104294478527594,0.8340425531914895,0.6918918918918917,0.5625,0.22222222222222218,0.411214953271028,0.008658008658008665,-0.6340057636887608,-0.3719298245614034,-0.41909814323607436,0.06491885143570542
-0.9528649027510079,0.5585375340334504,0.4119241192411928,0.07799442896935879,-0.07676490747086992,0.09666884389288055,-0.089455272363818,0.06157894736842105,-0.07663964627855573,0.31546894031668693,0.2635519616651691,0.12448132780082999,-0.31202046035805625,-0.07936507936507943,-0.17674418604651151,-0.15384615384615397,-0.034782608695652216,0.12101910828025475,0.27586206896551735,0.3346938775510204,0.21789883268482493,1.31651376146789,0.36809815950920244,0.18723404255319168,0.0,-0.1250000000000001,-0.07407407407407415,-0.41121495327102814,0.060606060606060594,0.24207492795389057,0.24561403508771928,0.0795755968169759,2.9113607990012484
0.3543017347117572,0.42784908595877114,0.14959349593495974,0.49582172701949784,0.6826593557230983,0.44937949052906606,0.6021989005497252,0.11210526315789478,0.5011053795136332,0.5590742996345922,0.14854746930218635,0.40663900414937776,0.21994884910485923,0.111111111111111,0.009302325581395356,-0.06993006993006999,-0.06956521739130443,0.732484076433121,0.4031830238726791,0.35102040816326535,0.10894941634241236,-0.6192660550458715,0.09325153374233135,-0.2723404255319147,-0.12972972972972982,0.03125000000000003,-0.22222222222222218,0.03738317757009349,0.7532467532467532,0.3227665706051873,0.18947368421052627,0.37665782493368705,-0.24968789013732823
-2.009111617312073,0.2302605989887204,0.4140921409214099,-0.06128133704735444,0.47978067169294075,0.30045721750489873,0.0004997501249375872,-0.0426315789473684,0.10316875460574808,0.01827040194884276,-0.3102725366876308,0.24896265560165998,-0.578005115089514,0.15873015873015864,0.08372093023255821,0.46153846153846134,0.41739130434782634,0.044585987261146445,0.13793103448275867,0.008163265306122455,-0.0933852140077822,1.0229357798165135,-0.12760736196319,-0.42553191489361697,-0.454054054054054,-0.1250000000000001,0.5185185185185185,0.03738317757009349,-0.07792207792207793,-0.03458213256484145,-0.11929824561403499,-0.2387267904509286,0.6941323345817727
-0.20431049588224992,-0.8510307273434471,-1.485094850948509,-1.1225626740947083,-1.2611377655928717,-1.3193990855649897,-0.42128935532233874,-1.0626315789473686,-0.6985998526160649,-0.39342265529841663,0.33782569631626225,0.107883817427386,-0.27109974424552424,-0.5396825396825398,-0.9581395348837206,-1.7202797202797204,-1.2869565217391308,-0.643312101910828,-0.8169761273209549,0.17142857142857157,-0.20233463035019456,0.4908256880733944,-0.7705521472392635,-0.35744680851063815,-0.32432432432432423,-0.7187500000000002,-1.3333333333333335,-1.0093457943925235,-0.2337662337662338,-0.6801152737752162,-0.4140350877192982,0.18567639257294416,0.8988764044943821
-1.2871911687401436,0.01089070400622345,-0.0021680216802165636,-0.6295264623955438,-0.16175462645647687,-0.4807315480078378,-0.17441279360319828,-0.8626315789473684,-0.7487103905674283,-0.2034104750304508,-0.21802935010482163,0.7219917012448135,0.31202046035805625,0.4603174603174603,0.3255813953488372,0.26573426573426556,0.20869565217391306,-0.07006369426751599,-0.7745358090185676,-0.39999999999999986,-0.5136186770428017,-0.7660550458715596,-0.8392638036809813,0.0,0.34594594594594585,0.09375000000000008,0.0,0.0,-0.060606060606060594,-0.6685878962536023,-0.6245614035087719,-0.5888594164456235,0.03995006242197256
0.3578062029087085,-0.012446518864255175,0.2276422764227647,0.06685236768802173,0.010966415352982112,0.16198563030698904,0.0464767616191905,0.12368421052631584,0.17980840088430347,0.7076735688185142,0.5342917041030248,0.033195020746887995,0.659846547314578,0.6666666666666666,0.5116279069767441,0.6853146853146851,0.5913043478260872,0.28662420382165604,0.05305039787798413,-0.008163265306122455,0.0466926070038911,-0.4908256880733946,-0.8883435582822083,0.6978723404255318,0.735135135135135,1.0,0.8148148148148149,0.485981308411215,0.16450216450216448,-0.09221902017291067,-0.18947368421052627,0.17506631299734735,0.12983770287141083
0.3395829682845626,-0.1711396343835083,0.0086720867208677,-0.5153203342618392,-0.7265250171350237,-0.6819072501632917,-0.28735632183908044,-1.0152631578947369,-0.20338983050847478,-0.3909866017052376,-0.47199760407307545,0.09128630705394199,0.1074168797953965,0.06349206349206332,-0.3069767441860465,-0.26573426573426595,-0.6608695652173914,-0.2611464968152867,-0.9336870026525198,0.12244897959183683,0.3112840466926071,-0.3807339449541285,0.3288343558282208,-0.4425531914893617,-0.10810810810810817,-0.03125000000000003,-0.5555555555555554,-0.897196261682243,-0.2337662337662338,-0.8069164265129685,0.11929824561403499,-0.06896551724137936,0.059925093632958844
0.1342211319432276,-0.12602100350058348,-0.2861788617886177,-0.3036211699164351,0.8855380397532561,0.7811887655127369,0.6581709145427288,-0.09105263157894734,-0.1238025055268977,-0.3398294762484775,-0.5330937406409103,-0.19087136929460552,0.751918158567775,0.7619047619047619,0.5116279069767441,0.43356643356643354,0.8695652173913047,0.5668789808917197,0.010610079575596827,-0.31836734693877544,-0.7159533073929962,0.11467889908256865,0.41226993865030676,0.0340425531914894,0.5405405405405402,1.0937499999999998,0.6296296296296298,0.485981308411215,0.4415584415584416,0.38040345821325655,0.16140350877192974,0.22811671087533147,-0.3795255930087388
-0.5000876117049239,0.15713730066122142,-0.5376693766937666,-1.0445682451253488,-1.0637422892392046,-0.9170476812540822,-0.4382808595702148,-0.786842105263158,-0.389093588798821,0.6151035322777102,1.0949386043725664,-0.4979253112033195,-0.31202046035805625,-0.142857142857143,-0.10232558139534892,-0.4055944055944055,-0.7304347826086958,-0.426751592356688,-0.8488063660477452,-0.38367346938775504,-0.4980544747081713,0.004587155963302756,-0.5889570552147237,-0.4595744680851063,0.23783783783783768,-0.2187500000000002,-0.11111111111111097,-0.4859813084112149,-0.303030303030303,-0.8069164265129685,-0.6947368421052631,-0.21750663129973494,-0.15980024968788997
0.07955142807079005,-0.48852586542201526,-0.39457994579945743,-0.18384401114206206,-0.5510623714873196,0.31613324624428474,-0.14342828585707143,-0.03315789473684208,-0.2859248341930729,-0.030450669914738025,0.8349805330937404,-1.2531120331950205,-0.17902813299232723,-0.5714285714285715,-0.1953488372093022,-0.7972027972027971,-1.5304347826086964,-0.12101910828025479,0.47745358090185674,1.4612244897959183,1.105058365758755,0.1513761467889907,0.5202453987730061,-0.34042553191489344,-0.8432432432432428,-0.5,-0.7037037037037036,-0.3738317757009347,-0.25108225108225113,0.41498559077809805,0.4982456140350877,2.339522546419098,1.5480649188514357
-0.45172595058699855,0.2100350058343059,0.16260162601626058,0.45682451253481815,0.3947909527073341,0.3135205747877204,0.6011994002998502,0.3057894736842105,0.3979366249078851,-0.032886723507917076,-0.050314465408805055,0.05809128630705399,0.28132992327365725,0.25396825396825395,0.009302325581395356,-0.12587412587412597,-0.38260869565217415,0.6560509554140127,0.4668435013262599,0.35102040816326535,0.0466926070038911,-0.5275229357798165,-0.5104294478527606,-0.25531914893616997,0.08648648648648653,0.5625,0.29629629629629634,0.03738317757009349,0.7532467532467532,0.6340057636887609,0.2596491228070176,-0.3978779840848807,-0.00998751560549314
-0.5750832311196775,-0.432516530532867,-0.6439024390243897,-0.16155988857938797,0.04112405757368094,-0.125408229915088,0.2003998000999501,0.4005263157894738,0.9019896831245394,0.4177831912302072,0.009583707696915248,0.9045643153526972,0.28132992327365725,0.3015873015873016,0.3255813953488372,0.4055944055944055,0.3478260869565219,0.006369426751592362,0.12732095490716183,-0.15510204081632642,0.0,0.20642201834862375,-0.9717791411042943,0.9872340425531915,0.49729729729729727,0.5937499999999999,0.5185185185185185,0.411214953271028,0.09523809523809523,0.02305475504322769,-0.07719298245614041,-0.3978779840848807,-0.7290886392009985
-0.12581040827054493,-0.8090237261765857,-0.6308943089430888,0.044568245125347614,0.16723783413296822,0.30045721750489873,0.16741629185407306,-0.015263157894736798,-0.02358142962417099,-0.3276492082825822,-0.6085654387541177,0.34854771784232375,-0.0460358056265985,-0.03174603174603177,-0.08372093023255821,-0.04195804195804199,-0.13913043478260861,-0.09554140127388534,0.13793103448275867,-0.05714285714285719,0.07782101167315184,-0.3256880733944954,-0.8932515337423311,-0.8851063829787233,-0.454054054054054,-0.40624999999999994,0.18518518518518537,-0.11214953271028047,-0.1471861471861472,0.20749279538904902,0.3859649122807017,0.026525198938992064,-0.6392009987515603
-0.36060977746626943,-1.1061843640606774,-0.3512195121951214,0.32311977715877405,0.41672378341329713,0.7838014369693012,0.9480259870064969,0.15000000000000008,0.035372144436256484,0.6930572472594398,0.6660676849356093,0.43153526970954376,0.12787723785166252,0.09523809523809511,0.25116279069767433,0.04195804195804199,0.2782608695652175,1.573248407643312,0.6259946949602122,0.8571428571428571,0.6070038910505836,0.05045871559633031,0.2944785276073619,0.0680851063829788,0.21621621621621603,0.6249999999999999,0.5925925925925927,0.822429906542056,1.2034632034632036,1.1066282420749278,1.8035087719298244,1.06631299734748,0.6991260923845193
0.024881724198352804,0.3640606767794635,0.6070460704607052,0.7743732590529243,0.6689513365318714,0.2586544741998696,0.010494752623688222,-0.15526315789473683,0.11201179071481221,0.5907429963459196,0.057502246181491495,0.37344398340248974,0.42455242966751927,0.5238095238095238,0.23255813953488363,0.20979020979020957,0.0,-0.21019108280254778,-0.0318302387267904,0.10612244897959192,-0.06225680933852147,-0.2706422018348623,0.36809815950920244,0.0170212765957447,-0.2594594594594593,-0.43749999999999994,-0.9629629629629631,-0.2616822429906542,-0.21645021645021645,-0.14985590778097982,-0.3859649122807017,0.03713527851458889,0.714107365792759
0.43280182232346215,-0.1493582263710621,-0.2905149051490513,-1.07799442896936,-0.8005483207676485,-0.559111691704768,-0.3413293353323338,-1.1194736842105262,-2.3463522476050116,-0.36662606577344703,-0.4312668463611857,-0.5975103734439835,-0.8542199488491047,-1.285714285714286,-1.125581395348837,-1.6363636363636365,-2.052173913043479,-0.6815286624203821,-1.1458885941644563,-1.6244897959183673,0.18677042801556418,0.7568807339449541,-0.33865030674846597,-1.6,-1.081081081081081,-1.9375000000000004,-1.9629629629629632,-2.3925233644859816,-0.8225108225108225,-1.1181556195965419,-1.3684210526315788,-0.3448275862068966,1.3033707865168538
-0.6563868932889434,-1.1341890315052519,-1.49810298102981,-1.8384401114206133,-1.104866346812885,-1.2148922273024163,-0.2613693153423288,-1.0573684210526315,-2.832719233603538,-2.6029232643118156,-1.5465708295896967,-1.020746887966805,-1.2225063938618927,-1.4285714285714286,-1.7953488372093023,-2.0839160839160837,-2.9565217391304355,-1.038216560509554,-1.3262599469496021,-2.3102040816326532,-1.9766536964980548,-0.3348623853211009,-1.6588957055214721,-4.765957446808511,-2.0324324324324317,-2.25,-2.2222222222222228,-2.2056074766355143,-1.0303030303030303,-1.3487031700288186,-1.831578947368421,-1.5119363395225465,0.3745318352059925
-1.6011915191869635,0.6938934266822253,0.38157181571815757,0.1559888579387182,-0.2248115147361202,-0.5538863487916393,-0.22538730634682652,-0.5131578947368421,-0.1355932203389832,-0.2764920828258224,0.9751422581611258,0.05809128630705399,-0.8132992327365728,-0.7142857142857145,-0.7720930232558141,-0.937062937062937,-0.3130434782608697,-0.24840764331210197,-0.519893899204244,0.10612244897959192,0.0466926070038911,0.3256880733944954,0.024539877300613515,-0.9021276595744679,-0.8648648648648645,-1.3124999999999998,-1.6666666666666672,-0.822429906542056,-0.4242424242424242,-0.43804034582132567,0.2736842105263158,-0.2599469496021222,-0.24968789013732823
-0.7454003854915018,-0.9599377674056795,-0.47913279132791303,-0.5069637883008361,-0.04660726525017109,-0.4650555192684518,-0.031484257871064444,0.07526315789473685,0.33014001473839355,1.2411693057247266,0.12818209044624132,-1.3775933609958506,-1.2327365728900257,-0.6984126984126986,-0.6976744186046512,0.04195804195804199,-0.06956521739130443,-0.044585987261146535,0.519893899204244,0.4000000000000001,1.1673151750972763,2.4174311926605503,-0.4907975460122697,-0.6297872340425533,0.021621621621621633,0.0,-0.03703703703703708,-0.2242990654205607,0.09523809523809523,0.38040345821325655,1.0175438596491229,0.6100795755968169,0.3645443196004994
0.712458384440161,0.4885258654220149,0.38373983739837464,-0.23119777158774427,-0.6716929403701162,-0.8752449379490528,-0.33133433283358316,-0.9678947368421053,-0.41562269712601335,-0.305724725943971,-0.8086253369272235,-0.23236514522821552,0.035805626598465506,0.25396825396825395,0.3255813953488372,0.20979020979020957,-0.20869565217391306,-0.2738853503184714,-0.806366047745358,-0.36734693877551017,-0.17120622568093383,0.2981651376146789,-1.148466257668711,-0.6297872340425533,-0.12972972972972982,0.3749999999999999,0.1481481481481483,-0.2242990654205607,-0.3722943722943723,-0.7608069164265131,-0.3859649122807017,-0.3129973474801061,-0.1697877652933831
0.12931487646749595,0.4714119019836642,0.6764227642276429,0.325905292479108,0.10966415352981534,0.1802743305029394,-0.09545227386306838,-0.13,-0.6219602063375094,-0.2277710109622413,-0.022761305780173584,0.29045643153526973,0.5370843989769821,0.8888888888888888,0.8465116279069766,1.3286713286713285,1.286956521739131,0.3630573248407643,-0.3819628647214854,-0.5959183673469387,-0.529182879377432,-0.2522935779816513,0.5987730061349693,0.34042553191489344,0.518918918918919,0.40624999999999994,1.2222222222222225,0.822429906542056,0.2857142857142857,-0.4726224783861671,-0.6245614035087719,-0.30238726790450926,0.059925093632958844
0.4054669703872437,0.6674445740956829,0.05420054200542035,-0.8384401114206133,-1.1158327621658664,-0.48856956237753085,-0.22438780609695147,-0.006842105263157901,-0.07369196757553434,-0.500609013398295,-0.12938005390835558,-1.3858921161825726,-1.9897698209718666,-2.523809523809524,-3.153488372093023,-5.3006993006993,-6.36521739130435,-2.3248407643312103,2.4933687002652523,4.710204081632653,5.478599221789885,2.5275229357798157,-0.09325153374233108,-3.370212765957447,-3.394594594594594,-3.3125,-4.5925925925925934,-3.738317757009346,-1.3766233766233766,1.4870317002881845,5.607017543859648,6.26525198938992,3.980024968789013
0.34659190467846496,0.9552703228315836,0.7197831978319791,0.2479108635097486,-0.057573680603152586,0.31613324624428474,0.037481259370314934,-0.7963157894736842,-0.053058216654384725,-0.030450669914738025,-0.36298292902066465,0.06639004149377599,0.15856777493606153,-0.2222222222222224,-0.5488372093023255,-0.853146853146853,-0.8347826086956525,-0.1719745222929937,-0.6259946949602122,-0.4489795918367346,-0.6225680933852142,-0.2706422018348623,-0.15705521472392622,-1.9574468085106387,-2.313513513513513,-0.7187500000000002,-0.9629629629629631,-0.822429906542056,-0.26839826839826847,-0.6455331412103746,-0.5403508771929824,-0.8222811671087534,-0.12484394506866398
0.6262484667951638,0.5740956826137694,-0.05203252032520282,-0.2952646239554326,-0.252227553118574,-0.3265839320705421,-0.19140429785107438,-0.8973684210526317,-0.4392041267501844,-0.49573690621193683,-0.9523809523809519,0.9377593360995853,0.59846547314578,0.5873015873015872,0.47441860465116265,0.32167832167832155,-0.034782608695652216,-0.10828025477707007,-0.8275862068965517,-0.5632653061224488,-0.5136186770428017,-0.5183486238532109,0.2944785276073619,0.9021276595744683,0.454054054054054,0.09375000000000008,-0.07407407407407415,-0.1869158878504672,-0.21645021645021645,-0.7492795389048992,-0.5964912280701754,-0.6206896551724139,-0.7340823970037451
-0.43981075871736486,0.15091404122909383,0.15176151761517678,-0.005571030640669147,-0.14804660726524968,0.9849771391247552,0.8800599700149926,0.14368421052631586,0.4097273397199706,0.839220462850183,0.7367475292003594,0.8879668049792533,0.5063938618925832,0.36507936507936495,0.49302325581395334,0.853146853146853,0.9739130434782612,0.8726114649681529,-0.0318302387267904,-0.3020408163265305,-0.529182879377432,-0.1146788990825689,0.9815950920245398,1.123404255319149,0.8432432432432432,0.9375,0.7777777777777778,0.7102803738317757,0.8571428571428571,0.13832853025936603,-0.2175438596491228,-0.37665782493368705,-0.9288389513108611
-0.6220431049588225,0.6005445352003115,0.11056910569105727,-0.13649025069637927,-0.25496915695681904,-0.2900065316786414,-0.31234382808595695,-0.4457894736842105,-0.06190125276344885,-0.4640682095006092,-0.4516322252171307,-0.29875518672199153,0.21994884910485923,0.3333333333333332,0.3069767441860465,0.26573426573426556,0.0,-0.05732484076433126,-0.403183023872679,-0.20408163265306117,-0.0933852140077822,-0.426605504587156,-1.8306748466257663,0.4425531914893617,0.7567567567567566,0.46875,0.25925925925925924,-0.07476635514018698,-0.060606060606060594,-0.2881844380403458,0.24561403508771928,-0.2493368700265254,-0.7640449438202244
0.7285789381461362,0.3967327887981332,0.3663956639566402,0.36490250696378773,0.16723783413296822,-0.38928804702808595,-0.19440279860069956,0.04052631578947372,-0.08253500368459847,-0.2082825822168089,-0.14375561545372847,0.7136929460580915,0.08695652173913052,-0.1111111111111112,-0.3627906976744186,-0.7412587412587415,-1.0782608695652174,-0.3757961783439491,0.7639257294429709,1.1183673469387754,0.7782101167315177,0.6467889908256881,0.4269938650306749,0.11914893617021288,-0.3027027027027026,-1.03125,-1.1851851851851851,-0.9345794392523366,-0.33766233766233766,0.484149855907781,1.101754385964912,1.586206896551724,0.2496878901373285
0.371824075696513,1.2213146635550378,1.0536585365853663,0.6908077994428964,0.48252227553118615,0.6218158066623124,0.2503748125937032,0.08578947368421055,0.8312453942520267,0.49573690621193683,0.3605870020964361,0.7468879668049795,0.5166240409207161,0.7142857142857143,0.6976744186046511,0.6293706293706293,0.2782608695652175,0.18471337579617833,-0.20159151193633948,-0.4489795918367346,-0.6848249027237355,0.09633027522935762,0.6920245398773005,0.2723404255319152,-0.10810810810810817,-0.15625000000000014,0.3333333333333334,0.0,-0.060606060606060594,-0.2420749279538905,-0.6105263157894736,-0.7692307692307693,-0.7490636704119847
0.5141054844927281,0.2131466355503697,0.21463414634146388,0.3036211699164339,0.364633310486635,0.8621815806662313,1.0569715142428788,0.3721052631578948,0.6543846720707444,0.5371498172959804,0.9511829889188377,0.7136929460580915,0.28132992327365725,0.2698412698412699,0.0651162790697675,0.20979020979020957,0.556521739130435,1.2675159235668791,0.4986737400530504,1.16734693877551,0.7003891050583658,-0.059633027522935825,0.6478527607361964,0.37446808510638285,0.3675675675675675,0.28124999999999983,0.22222222222222218,0.6355140186915889,1.4112554112554112,0.31123919308357345,0.6105263157894738,0.33421750663129973,0.42946317103620474
0.563868932889434,0.4138467522364842,0.4357723577235779,0.4428969359331471,0.8910212474297469,0.953625081645983,0.7981009495252375,0.00894736842105264,0.5011053795136332,0.7929354445797808,0.6552860137765797,0.8796680497925312,0.7621483375959078,0.9841269841269841,0.8279069767441859,0.9930069930069928,1.0782608695652178,0.7197452229299363,0.0,-0.2530612244897959,-0.6692607003891051,-0.6834862385321101,0.8883435582822086,0.5276595744680851,0.518918918918919,0.6562499999999999,0.9259259259259262,0.7850467289719627,0.5108225108225107,0.11527377521613837,-0.03508771929824564,-0.17506631299734762,-0.5842696629213482
0.08165410898896079,0.20225593154414623,-0.1626016260162596,-0.8022284122562682,-0.8992460589444821,-0.9327237099934682,-0.1144427786106946,-0.044736842105263144,0.017686072218128242,0.2545676004872109,-0.026355196166516933,-0.6307053941908715,-1.4782608695652173,-2.0952380952380953,-2.7999999999999994,-2.6433566433566433,-2.7130434782608708,-0.5286624203821656,0.06366047745358096,1.3306122448979592,2.879377431906615,1.6926605504587153,-0.014723926380368109,-0.9531914893617021,-2.118918918918918,-3.46875,-1.3333333333333335,-1.7196261682242993,-0.6839826839826838,-0.08069164265129683,0.7228070175438595,3.411140583554377,3.925093632958801
0.8442263886455229,0.5756514974718011,0.7154471544715455,0.33147632311977654,0.1343385880740237,-0.010450685826257357,-0.07746126936531725,-1.0142105263157895,-1.0257921886514372,-0.8172959805115716,-0.3054806828391732,-0.846473029045643,-0.608695652173913,-0.6825396825396827,-1.0883720930232557,0.013986013986013996,-0.38260869565217415,-0.29936305732484075,-0.923076923076923,-0.6775510204081632,-0.32684824902723747,1.1146788990825687,-0.3926380368098157,-0.5957446808510639,-1.1243243243243242,-1.7500000000000002,-2.25925925925926,-2.3177570093457946,-0.8051948051948051,-0.8991354466858791,-0.5824561403508771,0.25994694960212195,0.48938826466916363
0.3886455230418783,0.9537145079735518,1.114363143631437,1.2785515320334255,1.3159698423577795,3.1404310907903326,1.0319840079960023,0.4321052631578947,0.8076639646278557,0.8172959805115713,1.0566037735849054,0.7634854771784235,0.8439897698209718,1.0,0.883720930232558,1.3846153846153844,2.8869565217391315,1.0254777070063692,0.07427055702917779,-0.13877551020408152,-0.15564202334630345,-0.1972477064220185,0.6920245398773005,0.8,0.9081081081081077,1.3437499999999998,1.0740740740740742,2.317757009345794,1.0822510822510822,0.28818443804034594,0.18947368421052627,-0.4615384615384617,-0.31460674157303364
1.0860346942351495,1.3722287047841317,1.201084010840109,0.6935933147632309,0.8005483207676495,0.8177661659046376,0.8760619690154924,0.23736842105263162,0.36256448047162865,0.14494518879415325,-0.17610062893081757,0.9377593360995853,0.7928388746803069,0.9523809523809523,0.7162790697674418,0.6013986013986012,0.4521739130434786,0.7579617834394904,-0.0318302387267904,-0.2530612244897959,-0.6536964980544747,-0.9495412844036697,0.044171779141104324,0.5787234042553192,0.6486486486486485,0.46875,0.1481481481481483,-0.03738317757009349,0.7532467532467532,0.0,-0.3859649122807017,-0.5251989389920425,-0.6292134831460672
0.6192395304012613,0.2271489692726566,0.002168021680217045,-0.5571030640668528,-1.0061686086360515,-0.8491182233834094,-0.48525737131434266,-1.3036842105263158,-0.6897568165070008,-0.6443361753958589,-0.16651692123390233,-0.854771784232365,-0.21994884910485923,-0.36507936507936495,-0.5860465116279069,-0.853146853146853,-1.0086956521739134,-0.43949044585987257,-0.9018567639257293,-0.7591836734693876,0.06225680933852147,0.3256880733944954,-0.2895705521472392,-0.4595744680851063,-0.32432432432432423,-0.6250000000000001,-0.7407407407407407,-1.1588785046728975,-0.4588744588744588,-0.968299711815562,-0.9052631578947368,0.5358090185676392,1.0486891385767787
0.36972139477834226,0.6472189809412684,0.3902439024390248,0.2534818941504171,0.172721041809459,0.12802090137165262,-0.08445777111444269,-0.014210526315789429,0.5217391304347825,0.8660170523751524,0.908056304282719,-0.13278008298755198,-0.39386189258312027,-0.5396825396825398,-0.9209302325581392,0.04195804195804199,0.10434782608695664,0.03184713375796172,0.4562334217506631,1.2326530612244897,1.276264591439689,0.19724770642201825,-0.014723926380368109,-1.7021276595744683,-2.464864864864864,-1.2812499999999998,-0.11111111111111097,0.33644859813084116,0.04329004329004327,0.4380403458213257,-0.06315789473684215,0.5782493368700264,1.0436953807740326
-0.2435605396881024,-0.3531699727732401,0.30135501355013605,0.06685236768802173,-0.1919122686771757,-0.4572175048987588,-0.21839080459770108,-0.7321052631578948,-0.43036109064112027,-0.8246041412911087,-0.24797843665768166,0.8132780082987553,0.34271099744245526,0.12698412698412687,0.027906976744186067,-0.26573426573426595,-0.6956521739130436,-0.1719745222929937,-0.5835543766578248,0.3346938775510204,0.07782101167315184,-0.371559633027523,0.5300613496932515,-0.3234042553191488,0.0,0.06250000000000006,-0.3703703703703705,-0.747663551401869,-0.07792207792207793,-0.484149855907781,0.6807017543859647,0.8116710875331563,-0.27965043695380765
0.5386367618713859,0.39206534422403766,0.11924119241192448,-0.2590529247910869,-0.19739547635366644,-0.5094709340300455,1.0189905047476264,0.3826315789473685,1.167280766396463,0.7807551766138858,-0.1892782270140759,0.3900414937759337,-0.30179028132992325,-0.7936507936507939,-1.2186046511627906,-1.9999999999999996,-1.9130434782608703,1.4203821656050954,0.7002652519893899,1.2489795918367346,1.0428015564202335,0.2247706422018348,-0.009815950920245406,0.11914893617021288,-0.5837837837837838,-1.2500000000000002,-2.0000000000000004,-0.897196261682243,1.722943722943723,0.7723342939481269,0.4701754385964912,0.45092838196286456,0.17977528089887654
0.5330296127562641,0.4185141968105797,1.0081300813008138,0.5793871866295257,0.8663468128855385,0.8020901371652516,1.24087956021989,0.5478947368421053,1.146647015475313,0.3666260657734473,-0.1485474693021861,-0.22406639004149354,0.21994884910485923,0.04761904761904766,0.0651162790697675,-0.20979020979020996,0.10434782608695664,1.484076433121019,0.5941644562334218,0.7591836734693876,0.264591439688716,1.087155963302752,-0.2552147239263803,-1.0212765957446808,0.4108108108108108,-0.18750000000000017,0.29629629629629634,0.411214953271028,1.4285714285714286,0.6224783861671471,0.30175438596491233,0.5145888594164455,-0.2047440699126091
0.6928333625372347,1.085958770906263,1.2813008130081307,1.6100278551532026,2.5332419465387255,3.2580013063357285,1.0579710144927537,0.28368421052631587,0.9255711127487104,0.9366626065773451,1.9694519317160821,0.7302904564315355,0.9872122762148338,1.4285714285714286,1.2372093023255812,1.9999999999999996,2.6782608695652184,0.8343949044585988,-0.10610079575596812,-0.4489795918367346,-0.43579766536964987,2.23394495412844,0.9079754601226994,1.446808510638298,1.405405405405405,1.5625,2.0000000000000004,2.2803738317757007,0.9264069264069265,0.18443804034582134,-0.13333333333333325,-0.6631299734748012,-0.2846441947565542
-0.7404941300157698,-0.2644885258654221,0.37289972899729035,0.016713091922004968,0.6113776559287188,0.36316133246244287,0.04547726136931544,-0.05947368421052631,0.008843036109064121,-0.14494518879415352,1.7897574123989215,0.7053941908713695,0.16879795396419453,-0.20634920634920653,-0.6046511627906976,-0.2937062937062939,-0.06956521739130443,-0.044585987261146535,0.03183023872679048,0.008163265306122455,0.15564202334630345,0.03211009174311929,0.058895705521472434,-0.8340425531914892,0.21621621621621603,0.0,-0.14814814814814806,-0.33644859813084116,-0.21645021645021645,-0.011527377521613844,-0.06315789473684215,-0.026525198938992064,0.6042446941323344
0.7650254073944277,0.8805912096460525,1.0970189701897026,1.0334261838440106,0.7320082248115151,0.86740692357936,0.807096451774113,0.2173684210526316,0.5689019896831244,0.9610231425091357,1.1045223120694816,1.070539419087137,0.649616368286445,0.6984126984126984,0.8651162790697673,0.769230769230769,0.7304347826086958,0.7834394904458598,0.04244031830238731,-0.3020408163265305,-0.17120622568093383,-0.5642201834862385,0.024539877300613515,0.5106382978723404,0.7567567567567566,0.6562499999999999,0.44444444444444464,0.6355140186915889,0.8744588744588745,0.011527377521613844,-0.3719298245614034,-0.2387267904509286,-0.574282147315855
-1.177851760995269,-3.5705950991832,-2.213550135501355,-1.8607242339832875,-0.29883481836874504,0.5173089483997388,0.034482758620689745,-0.13947368421052633,-0.2947678703021371,0.1352009744214373,-0.3761605271039232,-0.780082987551867,-1.8976982097186696,-2.9365079365079363,-2.353488372093023,-1.048951048951049,-0.4521739130434786,-0.35031847133757965,-0.04244031830238723,-0.13877551020408152,-0.15564202334630345,-0.06880733944954134,0.4809815950920246,0.25531914893617047,-0.3027027027027026,-1.2187500000000002,-1.111111111111111,-1.4205607476635513,-0.5974025974025974,0.0,-0.3719298245614034,0.42970822281167087,-0.054931335830211994
0.6619940424040649,0.31271878646441076,-0.22764227642276375,-1.0863509749303626,-1.080191912268677,-1.1704768125408227,-0.5512243878060968,-1.2321052631578948,-3.4281503316138546,-1.0194884287454327,-0.9404013177598078,-0.655601659751037,-1.0281329923273657,-2.158730158730159,-2.074418604651162,-3.0909090909090904,-3.826086956521741,-1.4331210191082802,-1.8249336870026525,-2.9795918367346936,0.32684824902723747,0.7293577981651377,-1.2564417177914105,-3.404255319148936,-2.5729729729729724,-2.7812500000000004,-3.481481481481482,-3.2523364485981308,-1.4458874458874456,-1.3717579250720462,-2.1543859649122803,-0.12201591511936351,0.8938826466916355
-2.407219204485719,-0.547646830027227,-0.8715447154471544,-1.2311977715877442,-1.3845099383139132,-0.6192031352057475,-0.22238880559720134,-0.8173684210526316,-1.7980840088430363,1.4092570036540808,1.4627133872416886,-0.979253112033195,-1.7442455242966752,-0.5873015873015873,0.49302325581395334,0.29370629370629353,-0.1043478260869564,-0.2738853503184714,-0.9442970822281167,-1.2163265306122448,-0.9961089494163426,1.0229357798165135,-0.21595092024539864,-1.3617021276595744,-0.9513513513513511,0.28124999999999983,0.44444444444444464,0.0,-0.303030303030303,-0.8530259365994236,-1.424561403508772,-1.0450928381962865,-0.9837702871410734
0.6066234448922375,0.009334889148191035,0.7024390243902446,0.21448467966573742,-0.14256339958875894,0.23775310254735485,-0.056471764117940915,-0.7805263157894737,-0.8784082535003686,-0.595615103532278,-0.9811320754716977,-0.5311203319502075,-0.9565217391304347,-0.03174603174603177,0.9953488372093022,1.0769230769230769,0.7304347826086958,0.05732484076433117,-0.6578249336870027,-0.9224489795918366,-1.276264591439689,-0.6559633027522935,0.4564417177914111,-0.08510638297872349,-0.8432432432432428,-0.2500000000000002,-0.14814814814814806,-0.3738317757009347,-0.008658008658008665,-0.7031700288184438,-0.9614035087719298,-1.0875331564986739,-0.918851435705368
0.027685298755913693,0.44807467911318594,0.19728997289972944,-0.25069637883008444,-0.318026045236463,-0.3866753755715216,-0.20239880059970006,0.027894736842105288,0.3448784082535004,-0.05481120584652856,0.023959269242288122,-0.24896265560165953,-0.31202046035805625,-0.4285714285714285,-0.5302325581395347,-0.6853146853146854,-0.3478260869565219,-0.14649681528662425,0.47745358090185674,0.5306122448979591,1.229571984435798,0.2614678899082568,0.039263803680981625,-0.2893617021276594,-0.6486486486486487,-1.3124999999999998,-0.11111111111111097,-0.41121495327102814,-0.09523809523809526,0.16138328530259366,0.8491228070175437,0.769230769230769,0.45443196004993763
0.8554406868757665,0.4978607545702063,0.05420054200542035,-0.4233983286908082,-0.057573680603152586,-0.02873938602220744,-0.07846076961519231,-0.04368421052631577,-0.08843036109064122,-0.3739342265529842,-0.0826594788858939,-1.925311203319502,-2.675191815856777,-3.587301587301587,-1.609302325581395,-2.8391608391608387,-4.034782608695653,-1.343949044585987,0.636604774535809,2.6040816326530614,3.3929961089494176,1.3256880733944953,-3.8674846625766865,-3.914893617021277,-4.713513513513512,-4.40625,-3.5555555555555562,-2.3177570093457946,-1.0995670995670996,0.21902017291066286,2.8561403508771925,3.888594164456234,1.2833957553058675
-3.1985281233572804,-0.7623492804356291,0.5094850948509488,0.6016713091921999,0.7045921864290613,0.40757674722403664,0.6161919040479761,0.012105263157894747,-0.041267501842299235,-0.13763702801461636,1.2434860736747528,-1.070539419087137,0.1074168797953965,0.09523809523809511,0.10232558139534892,0.26573426573426556,0.13913043478260886,0.554140127388535,0.27586206896551735,0.05714285714285719,-0.20233463035019456,-0.3073394495412844,-0.5447852760736195,0.34042553191489344,-0.06486486486486491,0.21874999999999975,0.1481481481481483,0.07476635514018698,0.49350649350649345,0.345821325648415,0.3859649122807017,-0.01591511936339524,0.10986267166042454
-0.14753811109164192,-0.3407234539089849,-0.20379403794037912,-0.590529247910864,-0.6031528444139814,-0.5486610058785106,-0.22638680659670157,-0.9542105263157895,-0.5187914517317613,-0.8294762484774668,-0.44444444444444425,0.3651452282157677,0.0460358056265985,0.5079365079365079,0.2697674418604651,-0.013986013986013996,0.034782608695652216,0.006369426751592362,-0.6259946949602122,-0.2530612244897959,-0.389105058365759,0.2247706422018348,0.3730061349693251,-0.10212765957446818,-0.043243243243243266,0.1250000000000001,0.03703703703703708,-0.3738317757009347,-0.04329004329004327,-0.622478386167147,0.175438596491228,-0.0795755968169762,0.02496878901373285
1.1673383564044153,1.3208868144690793,1.563143631436315,1.5013927576601667,1.5352981494174096,2.040496407576747,1.0239880059970017,0.3215789473684211,0.483419307295505,0.8855054811205848,0.2551662174303684,1.078838174273859,0.9667519181585678,1.0476190476190477,1.0139534883720929,1.2447552447552446,1.8782608695652179,0.9108280254777071,-0.010610079575596752,-0.35102040816326524,-0.7315175097276266,-1.05045871559633,0.3337423312883435,0.6638297872340427,0.5621621621621619,0.9062499999999999,1.1111111111111114,1.2710280373831777,0.9783549783549782,0.03458213256484153,-0.5543859649122806,-0.5994694960212202,-0.5493133583021221
0.3479936919572452,0.08090237261765829,-0.26016260162601607,-0.18384401114206206,0.4276901987662786,0.7602873938602221,1.0399800099950027,0.34684210526315795,0.7339719970523214,0.04019488428745424,0.4372566636717581,-0.3900414937759335,0.5370843989769821,0.603174603174603,0.45581395348837195,0.5734265734265733,0.8695652173913047,1.3057324840764333,0.636604774535809,1.4448979591836735,1.1673151750972763,0.03211009174311929,-0.4024539877300611,0.3063829787234041,0.735135135135135,1.03125,1.0370370370370372,0.8598130841121495,1.497835497835498,0.5994236311239194,1.1298245614035085,0.7904509283819626,0.3695380774032459
0.2596810933940773,-0.009334889148191727,0.13875338753387595,-0.4066852367688026,-0.5757368060315283,-0.6505551926845196,-0.4742628685657171,-1.0521052631578947,-1.724392041267502,-0.8952496954933012,-0.9272237196765494,-0.24066390041493751,-0.8542199488491047,-1.5238095238095237,-0.9023255813953485,-0.5734265734265734,-1.0086956521739134,-0.464968152866242,-0.9442970822281167,-0.9551020408163264,-0.4824902723735409,-0.4541284403669726,0.46625766871165647,-0.5617021276595745,-1.2324324324324323,-1.53125,-2.037037037037037,-1.233644859813084,-0.6666666666666667,-1.0028818443804035,-0.8350877192982454,-0.2387267904509286,-0.20973782771535568
-0.7026458734886982,-0.06067677946324415,-0.14092140921409158,-0.5849582172701955,0.29335161069225524,0.24559111691704788,0.32233883058470775,0.2521052631578948,1.0140014738393517,1.1169305724725946,0.9044624138963757,0.3402489626556017,-0.08695652173913052,-0.09523809523809532,0.009302325581395356,-0.26573426573426595,0.13913043478260886,0.15923566878980888,0.16976127320954906,0.31836734693877555,0.0,-0.4724770642201836,-0.17177914110429432,0.05106382978723409,-0.3891891891891891,0.0,0.48148148148148173,0.2990654205607477,0.21645021645021645,0.05763688760806922,-0.11929824561403499,-0.04774535809018572,-0.6042446941323343
-0.34098475556334346,-0.3718397510696228,0.38157181571815757,0.9052924791086344,0.644276901987663,1.7452645329849772,1.1359320339830086,0.2647368421052632,2.4996315401621225,1.9549330085261882,0.5247079964061097,-1.2863070539419086,-0.7928388746803068,-0.6190476190476192,-0.9023255813953485,-1.6643356643356644,2.7130434782608703,2.210191082802548,1.8567639257294428,3.0285714285714285,3.3463035019455263,1.4816513761467887,-0.9570552147239262,-0.6127659574468086,-0.1945945945945944,-0.28124999999999983,-0.5555555555555554,2.205607476635514,2.25974025974026,1.5446685878962538,1.5929824561403505,2.350132625994695,1.138576779026217
0.14052917469773954,-0.7732399844418518,-1.4807588075880758,-0.47910863509749346,-0.4633310486634676,0.17504898758981072,0.8420789605197402,0.2605263157894738,0.5099484156226973,2.415347137637029,2.2641509433962255,-0.879668049792531,-1.4578005115089512,-1.0793650793650795,-0.1581395348837208,-0.15384615384615397,-0.20869565217391306,1.2038216560509554,0.3183023872679045,0.6612244897959184,0.8560311284046696,0.9954128440366969,-0.16687116564417162,0.11914893617021288,0.043243243243243266,-0.53125,-0.48148148148148173,0.03738317757009349,0.8744588744588745,0.484149855907781,-0.007017543859649128,-0.17506631299734762,0.00998751560549314
0.5246188890835815,0.5865422014780246,0.5311653116531169,0.4178272980501384,0.3481836874571627,-0.02873938602220744,0.22338830584707656,-0.06263157894736843,-0.3154016212232867,-0.45919610231425106,-0.648098233003893,0.28215767634854777,-0.07672634271099751,0.2698412698412699,0.15813953488372104,-0.15384615384615397,-0.1043478260869564,-0.09554140127388534,0.1803713527851459,-0.08979591836734678,-0.18677042801556418,-0.1238532110091744,0.11779141104294487,-0.9021276595744679,0.043243243243243266,-0.6875000000000001,-0.7777777777777778,-0.3738317757009347,-0.25108225108225113,0.5648414985590778,0.7368421052631577,0.026525198938992064,-0.7340823970037451
0.36551603294200075,0.19914430182808246,-0.3295392953929538,-0.9916434540389981,-0.9760109664153526,-0.428478118876551,-0.29835082458770606,-0.9889473684210527,-0.7693441414885779,-0.9780755176613888,-1.1105121293800535,-0.07468879668049799,0.035805626598465506,0.015873015873015886,-0.2883720930232558,-0.32167832167832155,-0.4869565217391308,-0.22292993630573252,-0.7214854111405836,-0.07346938775510187,-0.1400778210116733,-0.7018348623853211,0.667484662576687,-0.20425531914893635,-0.21621621621621603,-0.18750000000000017,-0.3333333333333334,-0.2242990654205607,-0.21645021645021645,-0.69164265129683,0.007017543859649128,0.7904509283819626,0.25967540574282166
0.3136499036271244,0.44185141968105834,0.5289972899729003,0.40668523676880136,0.7511994516792326,0.8856956237753102,0.711144427786107,0.003684210526315793,0.10906411201179084,0.22533495736906226,0.6732554657082954,1.4605809128630707,1.0895140664961638,1.1428571428571428,1.0325581395348835,1.1608391608391606,1.1826086956521744,0.554140127388535,-0.2122015915119363,-0.6612244897959182,-1.0428015564202338,-1.0963302752293578,1.0699386503067483,1.3617021276595747,1.1675675675675672,1.28125,1.0370370370370372,0.8598130841121495,0.42424242424242425,-0.16138328530259366,-0.44210526315789467,-0.8328912466843503,-1.1835205992509361
-0.07955142807079035,0.1742512640995721,0.6959349593495939,1.7130919220055705,2.82111034955449,3.0254735467015017,1.2478760619690155,0.6184210526315789,1.9366249078850406,3.270401948842875,2.2078466606768483,0.049792531120331995,-0.670076726342711,-1.0317460317460319,-1.386046511627907,2.1118881118881117,5.600000000000002,2.1847133757961785,1.1989389920424403,1.4448979591836735,0.9961089494163424,0.5183486238532109,-0.6478527607361959,-1.5659574468085107,-0.8216216216216212,0.5,1.8518518518518523,4.747663551401869,2.1385281385281383,0.8991354466858791,1.0175438596491229,2.1273209549071614,0.554307116104869
-1.7799193972314702,-0.3796188253597828,0.2037940379403801,0.7910863509749299,0.5538039753255659,0.2612671456564339,0.83808095952024,-0.04368421052631577,0.08548268238761984,0.2813641900121802,0.4552261156034738,1.0290456431535273,0.7928388746803069,0.746031746031746,0.47441860465116265,0.43356643356643354,1.0086956521739134,1.038216560509554,0.13793103448275867,-0.23673469387755097,-0.4824902723735409,-0.8669724770642201,0.9570552147239264,1.0553191489361702,0.7999999999999999,0.8749999999999999,1.2592592592592595,0.97196261682243,0.9956709956709956,0.345821325648415,0.512280701754386,-0.12201591511936351,-0.8938826466916352
-1.9642544243910987,-1.7440684558537547,-0.1821138211382111,0.48746518105849534,0.2714187799862925,0.8465055519268453,0.9630184907546228,0.3036842105263158,0.9609432571849669,0.38611449451887975,-0.4552261156034738,-0.4066390041493775,-1.0281329923273657,-1.0634920634920635,-1.0139534883720929,-1.048951048951049,-0.034782608695652216,1.8535031847133756,1.5066312997347482,2.2448979591836733,2.879377431906615,1.8394495412844036,-1.5656441717791407,-1.668085106382979,-1.7297297297297292,0.9375,0.5925925925925927,0.2242990654205607,1.896103896103896,1.4293948126801155,2.743859649122806,3.156498673740053,3.6953807740324587
0.24776590152444358,-0.30338389731622006,-0.732791327913279,-1.1699164345403905,-1.0061686086360515,-0.9457870672762896,-0.49725137431284344,-1.0710526315789475,-1.4974207811348565,-0.5639464068209503,-0.6469002695417788,-0.804979253112033,-0.23017902813299224,-0.09523809523809532,-0.3255813953488372,-0.4615384615384615,-0.13913043478260861,-0.14649681528662425,-0.806366047745358,-0.4979591836734693,-0.21789883268482493,-0.4633027522935781,-0.004907975460122703,0.2723404255319152,-0.32432432432432423,-0.43749999999999994,-0.29629629629629634,-0.2990654205607477,-0.1471861471861472,-0.7608069164265131,-0.5824561403508771,-0.47214854111405846,-0.7290886392009985
-0.6269493604345542,-0.5803189420458973,-0.26233062330623264,-0.6211699164345412,-0.005483207676490143,-0.22730241672109722,0.11144427786106957,0.25000000000000006,0.6072218128224024,0.06942752740560287,1.2818209044624131,-0.813278008298755,-0.670076726342711,-0.7301587301587303,-1.0139534883720929,-1.7482517482517483,-2.53913043478261,-0.044585987261146535,0.8275862068965517,1.2163265306122448,1.151750972762646,0.7844036697247707,-2.7042944785276064,-0.4425531914893617,-0.7999999999999996,-1.6562500000000002,-1.5555555555555558,-0.5233644859813084,0.04329004329004327,0.6570605187319885,1.1719298245614032,0.6100795755968169,2.4319600499375773
-0.8084808130366217,0.1742512640995721,0.5658536585365858,0.20334261838440038,0.06305688827964395,-0.08099281515349423,-0.18140929535232372,-0.1457894736842105,-0.4244657332350775,-0.6345919610231426,0.5846061695118296,0.22406639004149398,0.1790281329923275,0.07936507936507921,0.13953488372093034,-0.26573426573426595,-0.2782608695652175,-0.13375796178343952,0.021220159151193654,-0.13877551020408152,-0.264591439688716,1.0229357798165135,-0.3730061349693249,0.25531914893617047,-0.12972972972972982,-0.2187500000000002,0.22222222222222218,-0.2242990654205607,-0.1818181818181818,-0.2881844380403458,0.03508771929824564,0.6312997347480106,-0.059925093632958566
-1.0706150341685647,0.2178140801244652,-0.2558265582655824,0.27576601671309126,0.04660726525017169,-0.15153494448073138,0.918040979510245,0.1289473684210527,0.4008843036109065,0.42509135200974457,0.6361185983827492,-0.09958506224066399,-0.8644501278772377,-0.6666666666666669,-0.0651162790697675,-0.26573426573426595,0.48695652173913057,1.5222929936305731,0.5729442970822282,1.1999999999999997,1.2607003891050585,0.5825688073394495,-2.6503067484662575,-0.47659574468085103,-0.778378378378378,-0.18750000000000017,0.29629629629629634,0.7102803738317757,0.9956709956709956,0.5302593659942363,1.3684210526315788,1.2572944297082225,2.192259675405743
-0.2912213071666376,0.6441073512252046,0.3295392953929543,0.38440111420612727,0.13708019191226908,0.010450685826257357,-0.16141929035482258,-0.9815789473684211,-0.9049373618275609,-0.33495736906211937,-0.17849655585504637,0.6887966804979255,0.721227621483376,0.8730158730158729,0.6232558139534884,0.5454545454545453,0.3478260869565219,0.006369426751592362,-0.636604774535809,-0.5795918367346937,-0.7159533073929962,-0.738532110091743,0.554601226993865,0.47659574468085103,0.49729729729729727,0.28124999999999983,0.0,0.1495327102803737,-0.04329004329004327,-0.6685878962536023,-0.8491228070175437,-0.960212201591512,0.519350811485643
0.30734186087261245,0.6083236094904712,0.4747967479674804,0.6295264623955426,0.4112405757368064,0.6139777922926194,0.20139930034982517,0.24684210526315795,0.6632277081798085,0.5663824604141291,-0.005989817310571898,0.5311203319502075,0.42455242966751927,0.6507936507936507,0.7162790697674418,1.2167832167832167,1.11304347826087,0.3630573248407643,0.12732095490716183,0.18775510204081625,0.0933852140077822,0.13302752293577966,0.41226993865030676,-0.22127659574468106,0.32432432432432423,0.96875,1.1851851851851853,0.822429906542056,0.26839826839826836,0.09221902017291067,0.2596491228070176,-0.17506631299734762,-0.08489388264669141
0.23935517785176091,-0.16802800466744486,0.48780487804878075,0.16434540389972066,-0.22206991089787514,-0.4441541476159371,-0.27136431784107945,-0.9299999999999999,-2.7914517317612386,-0.5249695493300855,-0.3090745732255165,0.9626556016597513,0.5473145780051152,0.6984126984126984,0.6046511627906976,0.5174825174825173,0.20869565217391306,-0.05732484076433126,-0.7745358090185676,-1.5591836734693876,-0.7315175097276266,-0.6743119266055045,0.6773006134969324,0.49361702127659574,0.4324324324324324,0.3749999999999999,0.22222222222222218,-0.1869158878504672,-0.2337662337662338,-0.7953890489913545,-1.550877192982456,-0.8753315649867375,-0.8089887640449436
0.0234799369195722,-0.43096071567483524,-1.1880758807588068,-0.9637883008356555,-0.723783413296778,-1.047681254082299,-0.6121939030484757,-1.481578947368421,-1.960206337509212,-0.7978075517661392,-0.21084156933213521,-0.755186721991701,-1.2838874680306902,-1.8412698412698412,-1.7581395348837208,-2.5034965034965033,-2.782608695652175,-1.089171974522293,-1.517241379310345,-1.036734693877551,1.1673151750972763,1.3623853211009174,-0.8441717791411041,-2.110638297872341,-1.448648648648648,-1.3437499999999998,-1.8148148148148149,-2.3177570093457946,-1.0822510822510822,-1.1296829971181557,-1.0736842105263156,1.342175066312997,4.219725343320848
0.06483266164359544,-0.12446518864255175,0.2861788617886182,0.7520891364902501,0.5209047292666215,0.8020901371652516,0.1784107946026987,0.06894736842105263,0.5806927044952099,0.12789281364190014,0.6001796945193167,0.016597510373443997,-0.13810741687979522,-0.17460317460317476,0.2883720930232558,0.5174825174825173,0.2782608695652175,0.14649681528662414,-0.10610079575596812,-0.36734693877551017,-0.3424124513618679,-0.2889908256880734,-0.8981595092024538,0.5617021276595745,0.1945945945945944,0.28124999999999983,-0.25925925925925924,-0.6728971962616823,0.025974025974025997,-0.02305475504322769,-0.2596491228070176,-0.5994694960212202,-1.1535580524344566
-0.24285964604871224,-0.8183586153247774,-0.7783197831978316,-1.2534818941504184,-0.7923235092529127,-0.46766819072501614,-0.2203898050974512,-0.38473684210526315,-0.5040530582166545,-0.47137637028014634,-0.869721473495058,-0.4896265560165975,-1.0076726342710998,-0.8888888888888888,-0.8093023255813955,-1.4685314685314685,-1.3913043478260874,-0.3757961783439491,-0.3183023872679045,0.6448979591836735,0.45136186770428044,-0.1238532110091744,0.06871165644171784,-1.7531914893617024,-0.9945945945945943,-0.40624999999999994,-0.3703703703703705,-0.33644859813084116,-0.354978354978355,-0.23054755043227665,0.8912280701754385,1.2891246684350128,0.4244694132334582
0.07534606623444887,-0.1929210423959552,-0.4444444444444442,0.17270194986072376,0.09869773817683414,-0.14108425865447402,-0.10144927536231876,0.14368421052631586,1.0700073691967578,0.6419001218026801,1.1153039832285112,0.18257261410788397,-0.33248081841432225,-0.5238095238095238,-0.7348837209302326,-1.2447552447552446,-0.7652173913043481,-0.10828025477707007,0.5517241379310345,1.2979591836734692,1.0894941634241246,1.9311926605504586,0.5055214723926381,-0.6297872340425533,-1.1027027027027025,-0.6875000000000001,-0.7407407407407407,-0.5607476635514018,-0.04329004329004327,0.5302593659942363,0.7789473684210525,0.7374005305039786,-0.27465667915106107
-0.7587173646399161,-0.2504861921431352,-0.25149051490514884,0.8857938718662949,0.8334475668265939,0.540822991508818,0.4422788605697152,-0.00894736842105264,-0.29182019159911565,-0.3447015834348356,1.2027553159628626,-0.663900414937759,-1.0895140664961638,0.07936507936507921,-0.2883720930232558,-0.23776223776223795,-0.5217391304347825,0.464968152866242,0.2864721485411142,0.12244897959183683,0.18677042801556418,0.3899082568807337,-0.09815950920245378,-1.3106382978723408,-1.1243243243243242,-0.53125,-0.40740740740740755,-0.03738317757009349,0.47619047619047616,0.28818443804034594,0.7649122807017542,0.8541114058355437,0.46441947565543074
0.7930611529700365,0.44029560482302627,0.4119241192411928,0.3342618384401111,0.0027416038382456803,-0.25865447419986926,-0.19240379810094943,-1.0342105263157895,-0.9167280766396464,-0.8660170523751526,0.17130877508235995,-0.663900414937759,-1.4271099744245521,-1.3333333333333333,-1.5720930232558137,0.12587412587412558,-0.38260869565217415,-0.22292993630573252,-0.8275862068965517,-0.6448979591836733,-0.29571984435797677,0.3073394495412844,-0.92760736196319,-1.1574468085106384,-1.7945945945945943,-1.625,-1.7037037037037037,-1.7570093457943923,-0.7359307359307359,-0.8069164265129685,-0.5824561403508771,-0.10079575596816985,0.014981273408239711
0.6774137024706499,0.6985608712563208,0.6547425474254749,0.6128133704735369,0.8142563399588764,1.0790333115610713,0.7871064467766118,-0.003684210526315793,0.035372144436256484,0.9049939098660172,0.8625336927223719,1.0290456431535273,0.7928388746803069,1.1746031746031744,0.9767441860465115,1.1328671328671325,1.4260869565217396,0.6560509554140127,-0.09549071618037129,-0.5142857142857142,-0.840466926070039,-0.9036697247706421,0.9570552147239264,0.8340425531914895,0.6270270270270268,1.03125,1.1111111111111114,0.97196261682243,0.49350649350649345,0.05763688760806922,-0.23157894736842105,-0.5039787798408489,-0.6441947565543069
0.02978797967408444,-0.3064955270322835,-0.4964769647696475,-1.2423398328690813,-0.8581220013708017,-0.48334421946440215,-0.0324837581209395,0.015263157894736857,0.20338983050847448,-0.23507917174177848,-0.6528900868523506,0.49792531120331973,-0.16879795396419423,-0.5238095238095238,-0.5116279069767441,-0.7412587412587415,-0.8347826086956525,-0.5031847133757962,0.5941644562334218,0.7918367346938775,0.5136186770428015,-0.1238532110091744,-0.21104294478527594,-0.47659574468085103,0.17297297297297307,0.0,-0.14814814814814806,-0.4485981308411214,-0.28571428571428564,0.6109510086455332,0.7649122807017542,0.35543766578249336,0.4044943820224719
0.7075521289644294,0.7903539478802029,0.9430894308943096,0.6518105849582166,0.8389307745030847,0.6766819072501633,0.8840579710144929,0.08684210526315791,0.6455416359616802,0.6224116930572476,1.6675651392632518,0.9626556016597513,0.9565217391304347,1.4444444444444444,1.3116279069767443,1.496503496503496,1.5652173913043483,0.6942675159235668,-0.08488063660477446,-0.07346938775510187,-0.20233463035019456,1.885321100917431,0.8539877300613496,1.6170212765957448,1.4486486486486483,1.53125,1.4814814814814816,1.2336448598130842,0.6493506493506493,0.24207492795389057,0.23157894736842105,0.04774535809018572,-0.46941323345817704
-1.0194497984930788,-0.9194865810968506,-0.9517615176151755,-0.2367688022284128,0.33721727210418123,0.08360548661005886,-0.03548225887056469,-0.3057894736842105,-0.7044952100221077,-1.0097442143727164,-0.9272237196765494,-0.20746887966804953,0.5370843989769821,0.8095238095238093,0.6604651162790698,0.6013986013986012,0.3478260869565219,0.019108280254777,-0.3819628647214854,-0.7265306122448979,-1.011673151750973,-0.3532110091743119,0.8785276073619631,0.42553191489361697,0.8432432432432432,0.6875,0.40740740740740755,0.03738317757009349,0.025974025974025997,-0.39193083573487036,-0.31578947368421056,-0.42970822281167115,-0.7640449438202244
0.8210968985456454,0.7903539478802029,0.8303523035230358,0.7883008356545956,1.1048663468128859,3.297191378184193,1.124937531234383,0.33,0.801768607221813,0.8757612667478686,-0.2491764001197962,0.09128630705394199,-0.28132992327365725,-0.4603174603174603,-0.3069767441860465,0.741258741258741,4.417391304347827,1.5605095541401273,0.5941644562334218,1.9510204081632652,2.8326848249027243,1.738532110091743,0.024539877300613515,0.11914893617021288,-0.778378378378378,-0.09375000000000008,0.18518518518518537,3.8504672897196266,1.7056277056277056,1.3141210374639771,2.6315789473684212,1.9681697612732092,0.2896379525593008
-0.07955142807079035,0.2240373395565928,0.6352303523035234,0.19777158774373185,-0.10418094585332367,-0.3919007184846503,-0.15142428785607195,-0.9731578947368421,-0.6838614591009581,-0.8587088915956155,-0.15333932315064372,0.3900414937759337,0.37340153452685426,0.4285714285714285,0.10232558139534892,-0.09790209790209797,-0.4869565217391308,-0.23566878980891723,-0.8381962864721484,0.18775510204081625,-0.10894941634241256,-0.02293577981651378,0.7165644171779141,0.3063829787234041,-0.23783783783783768,-0.18750000000000017,-0.14814814814814806,-0.4485981308411214,-0.3722943722943723,-0.7031700288184438,0.30175438596491233,0.005305039787798413,1.0087390761548067
-0.5309269318380937,0.056009334889148284,-0.5680216802168018,0.4122562674094699,0.6333104866346815,1.9203135205747879,1.0209895052473765,0.4615789473684211,1.1319086219602066,1.4457978075517663,1.5884995507637012,-0.746887966804979,-0.15856777493606122,-0.04761904761904766,0.5302325581395347,1.1608391608391606,2.017391304347827,0.8980891719745224,0.4350132625994696,0.7102040816326529,1.0272373540856032,0.4908256880733944,-0.8098159509202452,0.0340425531914894,0.9945945945945943,1.15625,1.0370370370370372,1.6822429906542056,0.9783549783549782,0.06916426512968299,0.0491228070175439,0.6419098143236074,0.7540574282147315
-0.14333274925530073,-0.6332166472189815,-0.8780487804878045,0.3704735376044562,0.8581220013708023,0.3840627041149576,0.565217391304348,0.036315789473684246,0.24760501105379507,0.33008526187576126,0.41449535789158426,-1.3858921161825726,0.25063938618925824,0.746031746031746,0.6232558139534884,1.0489510489510487,1.0434782608695656,0.5286624203821655,-0.0318302387267904,-0.38367346938775504,-0.529182879377432,0.2889908256880734,-1.4822085889570549,-0.0170212765957447,0.021621621621621633,1.03125,0.9629629629629631,1.046728971962617,0.4069264069264069,-0.011527377521613844,-0.24561403508771928,-0.33421750663129973,-0.3595505617977525
0.2176274750306639,0.1073512252042007,0.31436314363143686,-0.18384401114206206,-0.14804660726524968,0.6766819072501633,0.7351324337831086,0.23947368421052637,0.7369196757553428,1.1339829476248482,-0.06828391734052101,0.8215767634854773,0.5063938618925832,0.4603174603174603,0.3069767441860465,0.26573426573426556,0.0,1.127388535031847,0.6578249336870027,0.6938775510204083,0.29571984435797677,-0.2614678899082568,-0.16196319018404892,0.39148936170212756,0.49729729729729727,0.8749999999999999,0.40740740740740755,0.1869158878504672,0.9264069264069265,0.5417867435158502,0.4842105263157895,0.14323607427055687,-0.09488139825218456
0.48536884527772894,0.8214702450408409,0.4249322493224937,-0.011142061281337675,-0.25496915695681904,-0.3187459177008491,-0.06746626686656661,0.16157894736842102,0.4008843036109065,-0.023142509135200866,-0.04073075771188981,-0.23236514522821552,-0.588235294117647,-0.5714285714285715,-0.6976744186046512,-1.020979020979021,-0.8695652173913047,-0.29936305732484075,0.38196286472148544,0.4979591836734693,0.40466926070038933,0.6743119266055045,-1.300613496932515,-0.7659574468085109,-1.0378378378378375,-1.0,-1.2962962962962963,-1.233644859813084,-0.354978354978355,0.3227665706051873,0.4842105263157895,-0.005305039787798413,0.679151061173533
-1.3019099351673382,-1.6040451186308844,-0.07371273712737086,0.022284122562673498,0.14256339958875985,-0.19595035924232515,-0.18140929535232372,-0.8994736842105264,-0.412675018422992,0.10109622411693056,0.3054806828391734,0.0,0.005115089514066501,-0.04761904761904766,0.0651162790697675,-0.09790209790209797,-0.034782608695652216,-0.006369426751592362,-0.7002652519893899,-0.4653061224489795,-0.3424124513618679,2.922018348623853,-1.5852760736196316,-0.37446808510638285,0.08648648648648653,0.09375000000000008,0.1481481481481483,0.33644859813084116,-0.04329004329004327,-0.7146974063400576,-0.7789473684210526,-0.2599469496021222,-0.1697877652933831
-0.5204135272472403,-0.3702839362115911,-0.7718157181571814,-1.4038997214484688,-1.5709389993145988,-0.9954278249510123,-0.38230884557721134,-0.8542105263157895,-0.22697126013264546,0.00852618757612655,-0.10062893081760985,-0.763485477178423,-0.32225063938618925,-0.5396825396825398,-0.8279069767441861,-1.3006993006993006,0.13913043478260886,-0.044585987261146535,-0.6684350132625995,0.05714285714285719,-0.12451361867704294,0.8853211009174309,-1.8699386503067479,-0.34042553191489344,0.3027027027027026,-0.15625000000000014,-0.25925925925925924,0.0,-0.04329004329004327,-0.622478386167147,-0.10526315789473692,-0.4615384615384617,0.7340823970037452
-0.7657263010338182,-0.1866977829638276,0.992953929539296,0.4846796657381608,0.15352981494174134,0.020901371652514714,0.8740629685157423,0.17210526315789473,0.6013264554163597,2.261875761266749,0.40011979634621136,-0.4232365145228215,-0.15856777493606122,-0.07936507936507943,-0.0651162790697675,0.04195804195804199,0.10434782608695664,1.5477707006369426,0.7745358090185678,1.1346938775510202,1.3229571984435802,1.1972477064220182,0.27484662576687136,-0.4595744680851063,0.0,-0.09375000000000008,0.44444444444444464,0.5981308411214954,1.1341991341991342,1.0259365994236314,1.2421052631578946,0.46153846153846134,2.4769038701622965
0.016471000525670125,0.048230260598988973,-0.6027100271002707,-0.6128133704735381,-0.5620287868403011,-1.0267798824297845,-0.5702148925537232,-1.51,-2.747236551215918,-0.9707673568818517,-1.1728062294100026,0.09958506224066399,-0.639386189258312,-0.9365079365079364,-1.4232558139534885,-1.7202797202797204,-1.9478260869565225,-0.5286624203821656,-1.1458885941644563,-1.3469387755102038,0.3579766536964982,0.2247706422018348,-0.029447852760735943,-0.40851063829787226,-1.1243243243243242,-2.0937499999999996,-1.592592592592593,-1.233644859813084,-0.6493506493506495,-0.9798270893371758,-0.9894736842105263,0.9177718832891246,0.6192259675405741
-0.17837743122481173,0.4434072345390901,0.8455284552845532,0.5097493036211694,0.29335161069225524,0.20640104506858278,0.9070464767616193,0.19736842105263158,0.9196757553426677,1.1875761266747873,0.23120694818808024,0.190871369294606,-0.31202046035805625,-0.30158730158730185,-0.21395348837209294,0.5174825174825173,0.3130434782608697,0.9617834394904459,0.4137931034482759,0.4000000000000001,0.48249027237354075,-0.3807339449541285,-1.011042944785276,-0.8680851063829786,-0.7567567567567564,0.40624999999999994,0.48148148148148173,0.6728971962616822,1.0476190476190474,0.3573487031700288,-0.0491228070175439,0.6206896551724137,-0.42946317103620446
-0.636060977746627,-0.5834305717619608,-0.32303523035230314,0.28969359331476285,0.07676490747087113,0.6505551926845199,0.8980509745127437,0.24368421052631584,0.778187177597642,0.15468940316686947,1.0937406409104522,0.44813278008298774,0.59846547314578,0.7619047619047619,0.6790697674418603,0.9650349650349648,1.2521739130434788,0.9108280254777071,0.13793103448275867,-0.18775510204081625,0.4980544747081711,0.3899082568807337,0.46625766871165647,1.004255319148936,0.6270270270270268,1.5,1.3333333333333337,0.97196261682243,0.9956709956709956,0.13832853025936603,0.021052631578947385,-0.12201591511936351,-0.3645443196004991
0.4902751007534606,0.7561260210035011,0.5528455284552849,0.4512534818941496,0.5702535983550382,0.836054866100588,0.8990504747626188,0.14684210526315797,0.8872512896094329,0.9196102314250916,0.17370470200658875,-0.29875518672199153,0.23017902813299224,0.3809523809523808,0.08372093023255821,0.4055944055944055,0.6260869565217394,0.821656050955414,0.05305039787798413,0.10612244897959192,-0.15564202334630345,-0.2431192660550458,-0.3730061349693249,-0.23829787234042576,-0.4324324324324324,-0.15625000000000014,0.3333333333333334,0.5607476635514018,0.7705627705627704,0.02305475504322769,-0.09122807017543867,-0.05835543766578254,-0.24968789013732823
0.8981951988785699,0.785686503306107,0.542005420054201,0.5821727019498604,0.6196024674434549,0.3474853037230568,0.7471264367816093,0.12684210526315795,0.3802505526897569,-0.18879415347137646,-0.8349805330937404,0.7468879668049795,0.1790281329923275,-0.06349206349206354,-0.1953488372093022,-0.15384615384615397,-0.5217391304347825,0.8598726114649682,0.3395225464190981,0.7265306122448979,0.8249027237354088,-0.2339449541284403,0.5251533742331288,0.08510638297872349,-0.043243243243243266,-0.7187500000000002,-1.1851851851851851,-1.308411214953271,0.9437229437229437,0.5648414985590778,1.2280701754385963,0.5570291777188328,0.2197253433208491
-0.04731032065884025,-1.098405289770518,0.31653116531165343,-0.19777158774373307,-0.5757368060315283,-0.5434356629653819,-0.39430284857571213,0.00789473684210527,-0.07663964627855573,-0.16199756394640688,-0.27313566936208433,-1.734439834024896,-1.1815856777493607,-1.3015873015873018,-1.6279069767441858,-1.8881118881118877,-1.9130434782608703,-0.4522292993630573,0.05305039787798413,0.8408163265306122,1.4785992217898833,1.032110091743119,-0.18650306748466244,-1.2085106382978725,-1.6648648648648643,-2.0312499999999996,-1.6666666666666672,-1.0093457943925235,-0.26839826839826847,-0.1268011527377521,1.1999999999999997,2.0954907161803713,0.7890137328339576
-0.012265638689328942,0.7996888370283943,0.5376693766937675,0.2534818941504171,0.3070596298834821,0.836054866100588,0.9770114942528737,0.21947368421052635,1.4178334561532795,0.9293544457978077,0.04911650194669078,0.141078838174274,0.12787723785166252,0.47619047619047616,0.21395348837209294,0.32167832167832155,1.11304347826087,0.949044585987261,0.10610079575596819,-0.17142857142857135,-0.1400778210116733,-0.6651376146788991,0.7901840490797546,-0.05106382978723409,0.5837837837837835,0.28124999999999983,0.44444444444444464,0.7102803738317757,0.9956709956709956,0.04610951008645538,-0.4140350877192982,0.03713527851458889,-0.4794007490636702
0.015069213246889524,0.2738234150136135,0.09322493224932282,0.0027855153203339552,0.3015764222069913,0.20901371652514714,0.7041479260369816,0.37631578947368427,1.2468680913780399,1.0146163215590749,0.289907157831686,-0.12448132780082999,0.5268542199488492,0.5396825396825398,0.4186046511627908,0.29370629370629353,-0.034782608695652216,0.7579617834394904,0.4031830238726791,0.35102040816326535,0.12451361867704272,0.004587155963302756,0.36809815950920244,0.17021276595744697,0.3675675675675675,0.5625,0.5925925925925927,0.11214953271028047,0.7012987012987013,0.28818443804034594,0.07719298245614041,-0.49336870026525215,-0.3595505617977525
0.10338181181005779,0.46985608712563215,0.539837398373984,0.5459610027855146,0.6004112405757374,0.47289353363814507,0.8500749625187407,0.20789473684210527,1.3205600589535744,1.6674786845310599,1.1811919736448036,1.294605809128631,0.8132992327365729,0.9047619047619047,0.7348837209302325,0.881118881118881,0.8347826086956525,0.7961783439490446,0.03183023872679048,-0.2530612244897959,-0.6225680933852142,-0.8761467889908255,0.9914110429447851,1.1404255319148937,0.8648648648648645,0.75,0.5925925925925927,0.7102803738317757,0.6320346320346321,-0.09221902017291067,-0.6947368421052631,-0.5888594164456235,-0.31460674157303364
-2.7541615559838792,-0.5600933488914822,-0.06720867208672021,1.1448467966573812,0.8910212474297469,1.2279555845852383,1.0229885057471266,0.2531578947368422,0.5394252026529107,0.2813641900121802,-0.43605870020964327,0.22406639004149398,0.34271099744245526,0.4603174603174603,0.1953488372093022,0.4055944055944055,0.9739130434782612,0.9363057324840763,0.21220159151193638,0.18775510204081625,-0.0466926070038911,0.2889908256880734,0.06871165644171784,0.5617021276595745,0.5837837837837835,0.53125,0.40740740740740755,0.7476635514018692,1.238095238095238,0.38040345821325655,0.4701754385964912,0.21750663129973463,-0.5692883895131085
-0.19800245312773798,0.7390120575651501,0.6222222222222226,0.11142061281336996,0.47155586017820467,0.5695623775310257,0.6561719140429786,0.03842105263157898,-0.09137803979366259,-0.5736906211936665,-0.02036537885594477,-0.705394190871369,-0.455242966751918,0.07936507936507921,-0.027906976744186067,0.18181818181818157,0.5217391304347827,0.6942675159235668,0.0,-0.024489795918367366,0.23346303501945528,0.3256880733944954,0.03435582822085892,-0.9531914893617021,-0.4108108108108108,-0.18750000000000017,0.1481481481481483,0.4485981308411215,0.5108225108225107,0.3227665706051873,0.24561403508771928,0.8541114058355437,0.519350811485643
-0.21762747503066424,0.3298327499027618,-0.08888888888888825,-0.5431754874651818,-0.7594242631939682,-0.8543435662965381,-0.3863068465767116,-1.0678947368421052,-1.008106116433309,-1.1169305724725949,-1.0673854447439348,-0.4481327800829875,-0.588235294117647,-0.777777777777778,-0.7534883720930233,-0.5454545454545455,-0.38260869565217415,-0.28662420382165604,-0.8806366047745358,-0.4489795918367346,-0.3579766536964982,-0.7844036697247706,-0.08343558282208567,-0.8510638297872339,-0.8432432432432428,-1.4375,-0.7037037037037036,-0.5233644859813084,-0.26839826839826847,-0.8530259365994236,-0.4842105263157895,0.30238726790450926,0.17977528089887654
-0.7110565971613806,-0.7343446129910546,-0.8411924119241191,-1.1197771587743737,-1.1295407813570937,-0.9614630960156756,-0.2503748125937031,-1.03,-0.19454679439941067,-0.7076735688185142,-0.50314465408805,-0.14937759336099551,0.4347826086956521,0.4444444444444444,0.34418604651162793,0.06993006993006999,-0.13913043478260861,-0.15923566878980897,-0.8488063660477452,0.008163265306122455,-0.32684824902723747,-0.4816513761467891,0.0,-0.646808510638298,0.28108108108108093,0.43749999999999994,0.44444444444444464,0.2616822429906542,-0.07792207792207793,-0.6685878962536023,0.0491228070175439,-0.3129973474801061,-0.5792759051186016
-0.45032416330821795,-1.3068844807467919,-1.075338753387534,-0.7966573816155996,-0.6607265250171347,0.0731548007838015,0.005497251374312904,0.12473684210526322,0.47457627118644086,0.12058465286236299,0.39532794249775377,-0.11618257261410798,-0.49616368286445,-0.7936507936507939,-0.23255813953488363,-0.37762237762237755,-0.06956521739130443,-0.044585987261146535,0.25464190981432366,0.35102040816326535,0.264591439688716,-0.08715596330275235,-0.3190184049079754,-1.123404255319149,-0.32432432432432423,0.31249999999999983,0.3703703703703705,0.0,0.025974025974025997,0.05763688760806922,0.5403508771929825,0.06896551724137907,-0.27965043695380765
-3.3975819169441035,-0.4838584208479194,-0.8780487804878045,-0.06128133704735444,0.28786840301576444,0.5930764206401047,0.9120439780109947,0.1931578947368421,0.08843036109064122,0.8099878197320344,0.3306379155435758,-1.5435684647302905,-0.537084398976982,-0.20634920634920653,-0.009302325581395356,0.26573426573426556,0.556521739130435,0.9617834394904459,0.22281167108753322,0.024489795918367366,0.0466926070038911,-0.2981651376146789,0.4368098159509203,-0.10212765957446818,0.10810810810810817,0.03125000000000003,0.1481481481481483,0.485981308411215,0.7359307359307359,0.27665706051873207,-0.03508771929824564,-0.0795755968169762,-0.7990012484394504
-0.3003329244787104,-0.987942434850254,-1.0796747967479672,-0.6545961002785524,-0.6250856751199445,-0.8778576094056167,-0.39030484757621187,-1.0257894736842106,-0.5924834193072956,-0.8806333739342269,-1.0925426774483373,-0.19917012448132754,-0.731457800511509,0.07936507936507921,-0.08372093023255821,-0.06993006993006999,-0.38260869565217415,-0.1719745222929937,-0.8381962864721484,0.18775510204081625,0.5291828793774318,1.087155963302752,-0.6773006134969322,-1.429787234042553,0.10810810810810817,0.1250000000000001,0.22222222222222218,0.11214953271028047,-0.11255411255411253,-0.7377521613832854,0.5543859649122808,0.7798408488063658,1.0087390761548067
-1.9733660417031713,-1.4360171139634395,0.4271002710027107,0.5376044568245121,0.2631939684715564,0.744611365120836,0.918040979510245,0.16473684210526313,0.8931466470154753,1.2387332521315473,1.0518119197364477,-1.6514522821576765,-1.2122762148337598,0.36507936507936495,0.5116279069767441,0.32167832167832155,0.3130434782608697,0.8471337579617835,0.3395225464190981,0.3346938775510204,0.4202334630350197,0.2889908256880734,0.5153374233128833,0.6127659574468086,0.5405405405405402,0.21874999999999975,-0.22222222222222218,0.07476635514018698,1.0476190476190474,0.1498559077809799,0.18947368421052627,0.11140583554376639,-0.6441947565543069
-1.5247941124934292,-0.2831583041618049,-0.3750677506775064,-1.066852367688023,-0.8718300205620283,-0.4389288047028084,-0.1554222888555722,-0.9678947368421053,-1.270449521002211,-1.277710109622412,-0.46480982330038906,-0.705394190871369,0.29156010230179025,0.5873015873015872,0.3813953488372093,0.18181818181818157,-0.3478260869565219,-0.21019108280254778,-0.7957559681697612,-0.7265306122448979,-0.7470817120622569,-0.3807339449541285,0.23067484662576704,0.23829787234042576,0.15135135135135144,-0.3437499999999999,-0.5185185185185188,-0.5607476635514018,-0.38961038961038963,-0.7377521613832854,-0.7228070175438596,-0.0795755968169762,0.03995006242197256
0.06833712984054648,0.2582652664332945,-0.07804878048780448,-0.0027855153203345737,-0.04934886908841615,0.5173089483997388,0.031484257871064555,0.13736842105263164,0.412675018422992,0.6394640682095007,0.9871218927822696,1.0207468879668051,0.5882352941176472,0.5714285714285713,0.49302325581395334,0.29370629370629353,0.24347826086956528,0.019108280254777,-0.06366047745358089,-0.2530612244897959,-0.5914396887159535,-0.775229357798165,0.37791411042944784,-0.37446808510638285,-0.06486486486486491,0.75,0.5555555555555556,0.33644859813084116,0.025974025974025997,-0.3227665706051873,-0.44210526315789467,-0.8435013262599471,-0.689138576779026
