name,type,direction,description
smi_00,string,,Similar molecule index 0. This molecule is from the QMUG database and similarity is based on WHALES descriptors
smi_01,string,,Similar molecule index 1. This molecule is from the QMUG database and similarity is based on WHALES descriptors
smi_02,string,,Similar molecule index 2. This molecule is from the QMUG database and similarity is based on WHALES descriptors
smi_03,string,,Similar molecule index 3. This molecule is from the QMUG database and similarity is based on WHALES descriptors
smi_04,string,,Similar molecule index 4. This molecule is from the QMUG database and similarity is based on WHALES descriptors
smi_05,string,,Similar molecule index 5. This molecule is from the QMUG database and similarity is based on WHALES descriptors
smi_06,string,,Similar molecule index 6. This molecule is from the QMUG database and similarity is based on WHALES descriptors
smi_07,string,,Similar molecule index 7. This molecule is from the QMUG database and similarity is based on WHALES descriptors
smi_08,string,,Similar molecule index 8. This molecule is from the QMUG database and similarity is based on WHALES descriptors
smi_09,string,,Similar molecule index 9. This molecule is from the QMUG database and similarity is based on WHALES descriptors
smi_10,string,,Similar molecule index 10. This molecule is from the QMUG database and similarity is based on WHALES descriptors
smi_11,string,,Similar molecule index 11. This molecule is from the QMUG database and similarity is based on WHALES descriptors
smi_12,string,,Similar molecule index 12. This molecule is from the QMUG database and similarity is based on WHALES descriptors
smi_13,string,,Similar molecule index 13. This molecule is from the QMUG database and similarity is based on WHALES descriptors
smi_14,string,,Similar molecule index 14. This molecule is from the QMUG database and similarity is based on WHALES descriptors
smi_15,string,,Similar molecule index 15. This molecule is from the QMUG database and similarity is based on WHALES descriptors
smi_16,string,,Similar molecule index 16. This molecule is from the QMUG database and similarity is based on WHALES descriptors
smi_17,string,,Similar molecule index 17. This molecule is from the QMUG database and similarity is based on WHALES descriptors
smi_18,string,,Similar molecule index 18. This molecule is from the QMUG database and similarity is based on WHALES descriptors
smi_19,string,,Similar molecule index 19. This molecule is from the QMUG database and similarity is based on WHALES descriptors
smi_20,string,,Similar molecule index 20. This molecule is from the QMUG database and similarity is based on WHALES descriptors
smi_21,string,,Similar molecule index 21. This molecule is from the QMUG database and similarity is based on WHALES descriptors
smi_22,string,,Similar molecule index 22. This molecule is from the QMUG database and similarity is based on WHALES descriptors
smi_23,string,,Similar molecule index 23. This molecule is from the QMUG database and similarity is based on WHALES descriptors
smi_24,string,,Similar molecule index 24. This molecule is from the QMUG database and similarity is based on WHALES descriptors
smi_25,string,,Similar molecule index 25. This molecule is from the QMUG database and similarity is based on WHALES descriptors
smi_26,string,,Similar molecule index 26. This molecule is from the QMUG database and similarity is based on WHALES descriptors
smi_27,string,,Similar molecule index 27. This molecule is from the QMUG database and similarity is based on WHALES descriptors
smi_28,string,,Similar molecule index 28. This molecule is from the QMUG database and similarity is based on WHALES descriptors
smi_29,string,,Similar molecule index 29. This molecule is from the QMUG database and similarity is based on WHALES descriptors
smi_30,string,,Similar molecule index 30. This molecule is from the QMUG database and similarity is based on WHALES descriptors
smi_31,string,,Similar molecule index 31. This molecule is from the QMUG database and similarity is based on WHALES descriptors
smi_32,string,,Similar molecule index 32. This molecule is from the QMUG database and similarity is based on WHALES descriptors
smi_33,string,,Similar molecule index 33. This molecule is from the QMUG database and similarity is based on WHALES descriptors
smi_34,string,,Similar molecule index 34. This molecule is from the QMUG database and similarity is based on WHALES descriptors
smi_35,string,,Similar molecule index 35. This molecule is from the QMUG database and similarity is based on WHALES descriptors
smi_36,string,,Similar molecule index 36. This molecule is from the QMUG database and similarity is based on WHALES descriptors
smi_37,string,,Similar molecule index 37. This molecule is from the QMUG database and similarity is based on WHALES descriptors
smi_38,string,,Similar molecule index 38. This molecule is from the QMUG database and similarity is based on WHALES descriptors
smi_39,string,,Similar molecule index 39. This molecule is from the QMUG database and similarity is based on WHALES descriptors
smi_40,string,,Similar molecule index 40. This molecule is from the QMUG database and similarity is based on WHALES descriptors
smi_41,string,,Similar molecule index 41. This molecule is from the QMUG database and similarity is based on WHALES descriptors
smi_42,string,,Similar molecule index 42. This molecule is from the QMUG database and similarity is based on WHALES descriptors
smi_43,string,,Similar molecule index 43. This molecule is from the QMUG database and similarity is based on WHALES descriptors
smi_44,string,,Similar molecule index 44. This molecule is from the QMUG database and similarity is based on WHALES descriptors
smi_45,string,,Similar molecule index 45. This molecule is from the QMUG database and similarity is based on WHALES descriptors
smi_46,string,,Similar molecule index 46. This molecule is from the QMUG database and similarity is based on WHALES descriptors
smi_47,string,,Similar molecule index 47. This molecule is from the QMUG database and similarity is based on WHALES descriptors
smi_48,string,,Similar molecule index 48. This molecule is from the QMUG database and similarity is based on WHALES descriptors
smi_49,string,,Similar molecule index 49. This molecule is from the QMUG database and similarity is based on WHALES descriptors
smi_50,string,,Similar molecule index 50. This molecule is from the QMUG database and similarity is based on WHALES descriptors
smi_51,string,,Similar molecule index 51. This molecule is from the QMUG database and similarity is based on WHALES descriptors
smi_52,string,,Similar molecule index 52. This molecule is from the QMUG database and similarity is based on WHALES descriptors
smi_53,string,,Similar molecule index 53. This molecule is from the QMUG database and similarity is based on WHALES descriptors
smi_54,string,,Similar molecule index 54. This molecule is from the QMUG database and similarity is based on WHALES descriptors
smi_55,string,,Similar molecule index 55. This molecule is from the QMUG database and similarity is based on WHALES descriptors
smi_56,string,,Similar molecule index 56. This molecule is from the QMUG database and similarity is based on WHALES descriptors
smi_57,string,,Similar molecule index 57. This molecule is from the QMUG database and similarity is based on WHALES descriptors
smi_58,string,,Similar molecule index 58. This molecule is from the QMUG database and similarity is based on WHALES descriptors
smi_59,string,,Similar molecule index 59. This molecule is from the QMUG database and similarity is based on WHALES descriptors
smi_60,string,,Similar molecule index 60. This molecule is from the QMUG database and similarity is based on WHALES descriptors
smi_61,string,,Similar molecule index 61. This molecule is from the QMUG database and similarity is based on WHALES descriptors
smi_62,string,,Similar molecule index 62. This molecule is from the QMUG database and similarity is based on WHALES descriptors
smi_63,string,,Similar molecule index 63. This molecule is from the QMUG database and similarity is based on WHALES descriptors
smi_64,string,,Similar molecule index 64. This molecule is from the QMUG database and similarity is based on WHALES descriptors
smi_65,string,,Similar molecule index 65. This molecule is from the QMUG database and similarity is based on WHALES descriptors
smi_66,string,,Similar molecule index 66. This molecule is from the QMUG database and similarity is based on WHALES descriptors
smi_67,string,,Similar molecule index 67. This molecule is from the QMUG database and similarity is based on WHALES descriptors
smi_68,string,,Similar molecule index 68. This molecule is from the QMUG database and similarity is based on WHALES descriptors
smi_69,string,,Similar molecule index 69. This molecule is from the QMUG database and similarity is based on WHALES descriptors
smi_70,string,,Similar molecule index 70. This molecule is from the QMUG database and similarity is based on WHALES descriptors
smi_71,string,,Similar molecule index 71. This molecule is from the QMUG database and similarity is based on WHALES descriptors
smi_72,string,,Similar molecule index 72. This molecule is from the QMUG database and similarity is based on WHALES descriptors
smi_73,string,,Similar molecule index 73. This molecule is from the QMUG database and similarity is based on WHALES descriptors
smi_74,string,,Similar molecule index 74. This molecule is from the QMUG database and similarity is based on WHALES descriptors
smi_75,string,,Similar molecule index 75. This molecule is from the QMUG database and similarity is based on WHALES descriptors
smi_76,string,,Similar molecule index 76. This molecule is from the QMUG database and similarity is based on WHALES descriptors
smi_77,string,,Similar molecule index 77. This molecule is from the QMUG database and similarity is based on WHALES descriptors
smi_78,string,,Similar molecule index 78. This molecule is from the QMUG database and similarity is based on WHALES descriptors
smi_79,string,,Similar molecule index 79. This molecule is from the QMUG database and similarity is based on WHALES descriptors
smi_80,string,,Similar molecule index 80. This molecule is from the QMUG database and similarity is based on WHALES descriptors
smi_81,string,,Similar molecule index 81. This molecule is from the QMUG database and similarity is based on WHALES descriptors
smi_82,string,,Similar molecule index 82. This molecule is from the QMUG database and similarity is based on WHALES descriptors
smi_83,string,,Similar molecule index 83. This molecule is from the QMUG database and similarity is based on WHALES descriptors
smi_84,string,,Similar molecule index 84. This molecule is from the QMUG database and similarity is based on WHALES descriptors
smi_85,string,,Similar molecule index 85. This molecule is from the QMUG database and similarity is based on WHALES descriptors
smi_86,string,,Similar molecule index 86. This molecule is from the QMUG database and similarity is based on WHALES descriptors
smi_87,string,,Similar molecule index 87. This molecule is from the QMUG database and similarity is based on WHALES descriptors
smi_88,string,,Similar molecule index 88. This molecule is from the QMUG database and similarity is based on WHALES descriptors
smi_89,string,,Similar molecule index 89. This molecule is from the QMUG database and similarity is based on WHALES descriptors
smi_90,string,,Similar molecule index 90. This molecule is from the QMUG database and similarity is based on WHALES descriptors
smi_91,string,,Similar molecule index 91. This molecule is from the QMUG database and similarity is based on WHALES descriptors
smi_92,string,,Similar molecule index 92. This molecule is from the QMUG database and similarity is based on WHALES descriptors
smi_93,string,,Similar molecule index 93. This molecule is from the QMUG database and similarity is based on WHALES descriptors
smi_94,string,,Similar molecule index 94. This molecule is from the QMUG database and similarity is based on WHALES descriptors
smi_95,string,,Similar molecule index 95. This molecule is from the QMUG database and similarity is based on WHALES descriptors
smi_96,string,,Similar molecule index 96. This molecule is from the QMUG database and similarity is based on WHALES descriptors
smi_97,string,,Similar molecule index 97. This molecule is from the QMUG database and similarity is based on WHALES descriptors
smi_98,string,,Similar molecule index 98. This molecule is from the QMUG database and similarity is based on WHALES descriptors
smi_99,string,,Similar molecule index 99. This molecule is from the QMUG database and similarity is based on WHALES descriptors
